100002	100	C38M01.npy	C38	M01	0	70.0730330360523	0.627647017249753	0.589313646426773	370.123470955839	89.2489594732841	1176.53414147933	44243.030655774	6870.7536769784	4280.03439280696
100007	100	C31M01.npy	C31	M01	0	24.0538541159511	0.531867880064195	0.538818274383637	134.768542320393	28.9485380500675	243.659581002139	10721.6947549635	2165.31959153533	1129.02672018434
100010	100	C38M20.npy	C38	M20	0	1.92189795052041	0.213406192673947	0.231406474960653	3.58468693186174	2.45826934664532	10.8285109509139	79.8403914746333	118.849024582839	36.7276219435037
100005	100	C40M22.npy	C40	M22	0	3645.69008527007	0.653696434378501	0.222236071403893	38564.5167243704	6929.23273778335	9691.90423318263	112798785.928909	364474.007907098	362750.183341164
100004	100	C06M16.npy	C06	M16	0	101.877914568213	0.511915047313778	0.28759352833529	643.010596302342	150.112799269732	1354.58828471148	97418.6581833708	9844.65252044174	7028.731578337
100003	100	C51M16.npy	C51	M16	0	61.746264255409	0.40114342139639	0.275960379432647	632.041365281266	94.0552094771909	345.537824558416	60862.8409461364	5589.38394676455	3975.8829734252
100008	100	C07M29.npy	C07	M29	0	0.357394335804804	0.24523522989161	0.312620018544868	0.344567425465315	0.351766122031482	0.308896052192703	398.004717429129	11.4772493065252	4.11140441550342
100006	100	C06M17.npy	C06	M17	0	0.47755890603226	0.459432806854732	0.316508556259283	1.23990663041558	0.533704005382726	1.3904778589449	11.8103187138184	15.6682731539046	14.1596868242611
100011	100	C05M29.npy	C05	M29	0	0.37813086936611	0.17442256580059	0.296288278640537	0.820345581614197	0.365378169678155	0.475037362881969	1359.50483388011	14.3646926157557	5.72707050092435
100000	100	C19M22.npy	C19	M22	0	731.497190837693	0.86834242211606	0.207279001198581	8868.56706242816	1369.52522684425	1965.8361246281	406967.101760166	73032.3312982941	72695.6757539279
100001	100	C19M16.npy	C19	M16	0	14.960685252294	0.281543724749058	0.248218705016498	165.906370986008	19.7411826075621	108.91041279633	33164.3905718325	906.114203547956	1268.74808761737
100009	100	C19M17.npy	C19	M17	0	0.671756547487364	0.202410911873785	0.268718852178583	1.94485130156491	0.758645216385665	2.07862413113294	22.6503681257491	17.996230024351	23.7357721879337
100007	100	C31M01.npy	C31	M01	1	25.7953002145166	0.570996013976728	0.543413320326859	152.525323677399	32.1138605079069	257.641170296045	18051.6067615444	2344.55246731802	1243.4819992745
100002	100	C38M01.npy	C38	M01	1	70.8706020674548	0.603690886863418	0.593827342211027	395.196388664786	93.8199156651067	1204.88779184878	95037.3139786602	6952.70307002251	4362.46792524279
100005	100	C40M22.npy	C40	M22	1	3648.72372982241	0.654107546161308	0.23494582946894	38427.4009188697	7028.44871894979	9454.05599410521	113353422.772491	364787.001591621	363126.309038735
100004	100	C06M16.npy	C06	M16	1	105.474021602664	0.502360599488995	0.302739972456586	764.760516595713	154.929748323289	1523.7508388859	479927.737472699	10200.5564943154	7360.88423803118
100010	100	C38M20.npy	C38	M20	1	1.9144528402007	0.217878386635321	0.250849236610576	3.68164885125678	2.49008748743111	11.2756107778792	89.064868811942	117.770960711026	37.3241479242957
100003	100	C51M16.npy	C51	M16	1	67.807303962988	0.388137953654659	0.293486553021653	704.700483903712	103.088163705117	520.471955450256	210321.419941458	6189.8354352874	4364.22088567513
100008	100	C07M29.npy	C07	M29	1	0.33514825111109	0.243986202096913	0.329807851658166	0.318004828743638	0.324955264188682	0.293441099228498	423.809156611566	11.0074430429824	3.59597711383064
100006	100	C06M17.npy	C06	M17	1	0.484402570773455	0.456659234161604	0.332665141798277	1.25009773378311	0.542794683205418	1.41420384689991	11.6371955151113	15.8574566474853	13.982350827414
100011	100	C05M29.npy	C05	M29	1	0.324341114444912	0.188729909847266	0.31743671221905	0.316935906026246	0.319557588039105	0.421645160856515	1075.04002920728	10.0214094458251	3.95007286592396
100000	100	C19M22.npy	C19	M22	1	720.916962844272	0.86863195721537	0.222759148072129	8778.06602131953	1358.9199462143	1911.80411801379	408828.232164991	71850.6810194623	71624.607571993
100001	100	C19M16.npy	C19	M16	1	16.5731554174831	0.266413982310194	0.270535657805143	223.322261667198	21.9526254197438	151.166579113616	116235.936918378	1065.3472374502	1419.85953515449
100009	100	C19M17.npy	C19	M17	1	0.668203141475931	0.209731351350127	0.292575193489094	1.9058422790148	0.757034434903587	2.07622408645287	22.0751002217941	18.0525936538542	23.1448490676599
100007	100	C31M01.npy	C31	M01	2	26.5794030091795	0.569337394656477	0.542106084443146	157.037403088814	32.7328409444057	250.128810318429	18128.0816256825	2409.54781123987	1286.44914684245
100002	100	C38M01.npy	C38	M01	2	69.0413634604799	0.605401187219261	0.593568718834588	374.760740312141	90.117263552131	1105.86311366559	91083.8229930524	6763.1152390034	4212.06767217236
100005	100	C40M22.npy	C40	M22	2	3821.61095050437	0.659379593230474	0.232378290873159	39312.5109442738	7305.5195225385	9683.41480151857	109486131.832539	382064.532638564	380104.45195321
100003	100	C51M16.npy	C51	M16	2	72.7452190956301	0.400383777560306	0.290418116803223	758.170509817913	110.407851709013	508.141910801295	208331.654232036	6686.59080678898	4736.13994620707
100004	100	C06M16.npy	C06	M16	2	108.333676132275	0.505556997780352	0.300013504017174	781.880719054538	157.095356227568	1508.98902531923	460220.348579056	10486.1233220249	7541.34670918757
100010	100	C38M20.npy	C38	M20	2	1.89973019194829	0.213877243595262	0.244141363421809	3.59872612075986	2.44423001965697	10.8176923335622	74.9767257855215	114.166077498063	38.0712434855339
100006	100	C06M17.npy	C06	M17	2	0.499981471724666	0.461911639453324	0.329410044609597	1.28730620779473	0.557850577888909	1.4595562563781	11.9488360310702	16.1275092456359	14.8500718301289
100008	100	C07M29.npy	C07	M29	2	0.34987203435008	0.250378469666205	0.327582639697639	0.333402300372019	0.344997984365168	0.30026291730777	407.226259880754	11.3490477700611	4.12358717562451
100011	100	C05M29.npy	C05	M29	2	0.373685029324236	0.178823496101558	0.310505449808583	0.800163713512621	0.362474948738187	0.46392676854174	1365.0986905953	14.3364923398927	5.75128032273358
100000	100	C19M22.npy	C19	M22	2	757.15937123457	0.867991118858111	0.220192804668784	8998.47203307255	1422.30392582668	1888.35444788304	405129.603904982	75594.5942181311	75184.1379711293
100001	100	C19M16.npy	C19	M16	2	16.906377128916	0.275721410393921	0.264690788351987	225.001332413237	22.390228614782	144.18509245076	110968.36753755	1103.5306489209	1449.48410217349
100009	100	C19M17.npy	C19	M17	2	0.68669905383672	0.212565891333073	0.286381806202948	1.97077446882495	0.773885591703657	2.12419986348668	22.5389523117674	18.02816999423	24.7670479872673
100007	100	C31M01.npy	C31	M01	3	27.0539039838829	0.573053042008307	0.545683058762928	154.884851158825	32.9249949292969	256.46952510345	17574.2808551257	2446.7713194545	1307.80913391624
100002	100	C38M01.npy	C38	M01	3	73.7029635979746	0.612591006158508	0.596422125971768	398.116006253208	94.9273525006802	1186.5818162489	90855.7100504593	7220.99972063014	4509.94140350397
100005	100	C40M22.npy	C40	M22	3	3732.98643830186	0.666544632812061	0.236264125798229	36370.5621565664	6978.1088486507	9110.69626464887	111022307.481467	373166.707293394	371172.563266825
100003	100	C51M16.npy	C51	M16	3	72.1511994835746	0.395846149346913	0.292996308202994	712.889800491283	107.814855950513	505.158605310641	202528.247295884	6581.06370541886	4646.64113819411
100004	100	C06M16.npy	C06	M16	3	111.202501626631	0.510696878418335	0.301985563678668	780.555483324968	159.983759783657	1492.60546579096	452971.283697644	10748.0896418158	7797.00819101553
100010	100	C38M20.npy	C38	M20	3	1.97934793663098	0.217125527305741	0.246470113271491	3.72763364207018	2.51646493754933	11.2177310752108	77.6346441214625	119.297066352851	39.3701974074311
100006	100	C06M17.npy	C06	M17	3	0.504721093825599	0.460106198819732	0.332888121887827	1.27259409631948	0.558891583699717	1.4029301664926	11.9121227034655	16.2718224932204	14.7174610852448
100008	100	C07M29.npy	C07	M29	3	0.347078495178992	0.251911559189933	0.328671002374689	0.332617055203705	0.341658227538617	0.298944537066086	409.250077988512	11.251259220106	4.10942034344237
100011	100	C05M29.npy	C05	M29	3	0.370067803199622	0.177574334427488	0.308955795080134	0.788072877775026	0.356613142983736	0.45771917989372	1373.77369357614	14.2265999021291	5.74254889763113
100000	100	C19M22.npy	C19	M22	3	789.687250279961	0.869025340776579	0.222053692398355	9036.54438713705	1457.97378912692	1912.990280571	408124.66404138	78842.2481743219	78406.8255320196
100001	100	C19M16.npy	C19	M16	3	17.5734602466903	0.274365204734311	0.267349902746909	222.399307576695	22.8446333827077	149.27930599596	108608.169165688	1127.38316683988	1503.39344687661
100009	100	C19M17.npy	C19	M17	3	0.689582534934877	0.212576894669037	0.289348100431558	1.93831873356169	0.774163592708736	2.0490498530499	22.4261421917244	18.2065023352341	24.447649513823
100002	100	C38M01.npy	C38	M01	4	67.5293525894169	0.610993623210746	0.596672640688308	371.847740326635	87.8030726981481	1169.73606546194	91297.7747525491	6615.63569589397	4145.78164620938
100007	100	C31M01.npy	C31	M01	4	25.7947063628575	0.570062639101646	0.545018576406757	154.838887607736	31.8505908604829	250.848366231269	15133.4302125766	2336.04312123541	1246.65465442179
100005	100	C40M22.npy	C40	M22	4	2498.76701870662	0.746939508076914	0.241121942709438	27631.9178940761	4590.55938463908	6435.91141526414	5423603.13880423	249781.877811665	248014.072799598
100003	100	C51M16.npy	C51	M16	4	71.8721860803174	0.396370956955712	0.297040506377985	741.955293195897	108.825280382845	522.309065113032	211830.373249056	6603.10938439988	4654.9901047764
100004	100	C06M16.npy	C06	M16	4	106.4664976545	0.505865589736628	0.303992222394322	778.128482318265	156.882503141484	1500.62115684114	472779.263584995	10301.411143663	7431.76048242194
100010	100	C38M20.npy	C38	M20	4	1.87208490464786	0.216718905678657	0.252598601813512	3.64910202438334	2.4242562497642	11.0911901036711	75.9898465859157	111.740744706697	38.1784415540526
100006	100	C06M17.npy	C06	M17	4	0.491331035765059	0.459480226804432	0.335561287243379	1.2423482116592	0.548042281291795	1.44041839444549	11.6303874408867	16.0692132582236	14.3043399857446
100008	100	C07M29.npy	C07	M29	4	0.340047693874995	0.249514100324191	0.333659436608817	0.324907929644532	0.333061274117328	0.294792987207893	418.327160486734	11.0343687802054	3.98566051543476
100011	100	C05M29.npy	C05	M29	4	0.364948715863819	0.177868680391469	0.315979574564033	0.799742505117377	0.34984814451305	0.462806910030688	1402.64140847246	14.1480813987558	5.62465701396183
100000	100	C19M22.npy	C19	M22	4	754.656907811027	0.868190048129433	0.226499154787853	8991.06385996213	1425.23988448251	1957.2318152346	347579.847854383	75347.4168743746	74960.7822435253
100001	100	C19M16.npy	C19	M16	4	16.3563656094423	0.27581209173273	0.273486126021306	214.404489368378	21.8634402747122	146.750705645723	112095.25001243	1053.23468297395	1405.55813384214
100009	100	C19M17.npy	C19	M17	4	0.670497370330582	0.213702207257018	0.294370208336266	1.88160659846469	0.754446395579352	2.08990590826289	21.86034824095	17.9761545719322	23.6592384164676
100007	100	C31M01.npy	C31	M01	5	26.2779408602609	0.573517426528943	0.546250378058254	157.464285523339	32.4649429740587	253.313274359111	18085.563294548	2383.62901510484	1281.67581090127
100002	100	C38M01.npy	C38	M01	5	71.415941022097	0.610982658265466	0.59689859045682	400.190623054449	93.6371330270379	1173.08188874529	93071.6686150291	7002.80417017783	4407.80998967614
100005	100	C40M22.npy	C40	M22	5	3731.56368747867	0.655963881291664	0.238992245471547	38294.2243315833	7115.39135617415	9602.90648704012	112109926.144438	373062.163809046	371167.406380798
100003	100	C51M16.npy	C51	M16	5	69.444778420738	0.392936245859016	0.299309151780018	711.937167065468	105.065361820759	530.62642362619	212565.564295677	6348.41483099354	4451.6894575767
100004	100	C06M16.npy	C06	M16	5	106.411564881064	0.505482233474649	0.303694589239546	780.1202356808	155.584394178979	1504.14263999249	474909.04883113	10290.1482006673	7441.06864851514
100010	100	C38M20.npy	C38	M20	5	1.91894451690088	0.214396740462807	0.251395953824346	3.68279240814367	2.47609160341601	11.3850210610633	78.1535030783871	116.400325257797	38.4250079684397
100008	100	C07M29.npy	C07	M29	5	0.343263284237137	0.250216194821876	0.33598980635733	0.333009429858062	0.342040212334823	0.297388247404233	412.774040723611	11.105438643028	4.08305923177404
100006	100	C06M17.npy	C06	M17	5	0.485599945516683	0.458644813050084	0.334481906111639	1.25738358238117	0.548506191866655	1.44051817036065	11.6539578894569	15.8670120985384	14.3198577766178
100011	100	C05M29.npy	C05	M29	5	0.371163776355375	0.18051145926725	0.319120357711374	0.802646423971723	0.361209974119649	0.466263341863468	1383.99879585305	14.3218093117612	5.7057127578294
100000	100	C19M22.npy	C19	M22	5	762.524832696076	0.869035716636778	0.226833466037555	9038.80408326556	1432.26449793528	2015.95731423363	412765.102815413	76121.0208805206	75743.076675137
100001	100	C19M16.npy	C19	M16	5	16.8628111653905	0.269694218847299	0.274206088503302	223.322979121541	22.4225077161257	150.701701845137	114060.433506681	1088.64666089902	1447.19545714205
100009	100	C19M17.npy	C19	M17	5	0.665912248721583	0.214752148295217	0.295842130197251	1.89731101551836	0.761760056219712	2.05453570452949	21.5203309128916	17.9318525403759	23.442889363746
100007	100	C31M01.npy	C31	M01	6	25.6195633833414	0.573524681381293	0.545903521270461	153.271292846601	31.9066818467977	233.379524940495	17313.9404736637	2317.16276176213	1253.22470183936
100002	100	C38M01.npy	C38	M01	6	71.5049575075819	0.611740154990487	0.595865698253882	395.363771374599	93.9867838372335	1123.76950426051	92381.6936978727	7010.04967451796	4406.49464246257
100005	100	C40M22.npy	C40	M22	6	3722.47416314246	0.657300458000352	0.238454088417481	38628.5571694951	7105.42688898719	9491.82993344331	112695460.849067	372152.01144646	370231.072491981
100003	100	C51M16.npy	C51	M16	6	72.9687058143764	0.39746770787435	0.296498979435873	747.182418207492	111.32295154586	495.833699490566	209132.755703762	6684.34634314078	4735.40527161322
100004	100	C06M16.npy	C06	M16	6	107.182405297959	0.510077900297734	0.30354738705302	792.685688321093	156.991779566485	1480.83762439396	462470.562105345	10357.3693406481	7514.12083643614
100010	100	C38M20.npy	C38	M20	6	1.94054843047999	0.216534387101927	0.250534177694858	3.70167297220581	2.49469730088665	11.2333476043043	77.9457711724975	117.778090679703	38.3567760868747
100006	100	C06M17.npy	C06	M17	6	0.489382440478134	0.458334434920151	0.33472240960551	1.24487700075091	0.548508488464159	1.43119554005541	11.7891489815875	15.9022348223419	14.4180746827146
100008	100	C07M29.npy	C07	M29	6	0.342821422705217	0.249495566068524	0.332956286302211	0.329785300119602	0.340229930350236	0.293799772854966	415.224040781856	11.1869244061493	4.04268110637471
100011	100	C05M29.npy	C05	M29	6	0.36480260297074	0.176828606101323	0.313829375894946	0.798812345969905	0.353854002128918	0.45453150607867	1392.08236049898	14.1327182833631	5.71951434513203
100000	100	C19M22.npy	C19	M22	6	769.304964542814	0.8692718921168	0.225710863597839	9176.0093864274	1444.26178804626	1977.63365445627	415384.393218856	76807.9678709818	76477.90243651
100001	100	C19M16.npy	C19	M16	6	17.0937170031141	0.274809532079846	0.272207358830405	223.923942294056	22.4139446172218	152.010139340609	109543.14295327	1096.90582948687	1464.43531548953
100009	100	C19M17.npy	C19	M17	6	0.673039744810092	0.211929432914499	0.293930321048184	1.87108711985011	0.760398591124927	2.07771861820009	22.0718204050768	18.0731452578165	23.7107991265059
100007	100	C31M01.npy	C31	M01	7	26.7531573292267	0.570217924750157	0.536238463581581	160.31944849131	32.8510084385011	250.825336857217	18221.2845445822	2428.37666849647	1294.39796781164
100002	100	C38M01.npy	C38	M01	7	58.5568492539401	0.628269787494872	0.58818329603254	348.776514433821	76.7057920232244	1033.83791483615	79303.4647549198	5720.26724189388	3527.81783790778
100005	100	C40M22.npy	C40	M22	7	3745.79855762999	0.657955743557027	0.219063370627197	39755.6300065095	7071.70629519627	9655.69612620047	113643026.158729	374484.579659131	372631.609116123
100003	100	C51M16.npy	C51	M16	7	68.781786660533	0.411636884564641	0.27217201231863	734.775040565839	104.11761640695	509.31537538988	208025.899332632	6349.792381827	4510.5676152658
100004	100	C06M16.npy	C06	M16	7	105.821814223481	0.516722341381257	0.287139366285151	790.869596111527	154.121927890443	1469.72934651708	461728.42062646	10264.7841269128	7376.92323556614
100010	100	C38M20.npy	C38	M20	7	1.78230470683932	0.213576747514084	0.22942067500342	3.48269963126687	2.27842409993644	10.6087039092894	56.4050214494538	103.35343281877	36.2076167307809
100006	100	C06M17.npy	C06	M17	7	0.486916555265076	0.451837347232239	0.313648383291053	1.26094709639009	0.540790371113794	1.41809204751556	11.0340890519495	15.749430150049	14.2802090145808
100011	100	C05M29.npy	C05	M29	7	0.372981152814342	0.173085058367167	0.290567832836415	0.79862039351187	0.357025005910139	0.462823554539346	1361.01533541789	14.2735638075977	5.67770631095961
100008	100	C07M29.npy	C07	M29	7	0.352608842417092	0.242808272295916	0.307368330310631	0.327031077150331	0.34535201594408	0.29621809160493	405.888770326973	11.2507520778048	3.99936699786459
100001	100	C19M16.npy	C19	M16	7	14.216652446673	0.299835726097805	0.243674782029959	183.044570635157	19.2060336228403	142.892705808849	100486.391863758	888.763259387304	1192.41634813171
100000	100	C19M22.npy	C19	M22	7	713.357303953562	0.874460128589078	0.204297181881933	8778.81048183307	1320.56269755367	1904.31323976521	389678.700787661	71210.4268765215	70848.4154189888
100009	100	C19M17.npy	C19	M17	7	0.668448917164428	0.198389708017474	0.264304111992979	1.92135280327596	0.748757206558744	2.04680324545318	20.723069540482	17.3844095306724	23.5660646833704
100007	100	C31M01.npy	C31	M01	8	25.9246215874284	0.573864196252019	0.544763986243662	156.014125079602	31.6103144986481	233.000461419634	17271.7532284561	2339.36952310873	1251.05330838947
100002	100	C38M01.npy	C38	M01	8	73.4400565371594	0.608028578669063	0.595402930062801	407.668108407108	94.6432951087198	1156.20955794446	90979.2395447865	7196.40815861774	4472.97691218125
100005	100	C40M22.npy	C40	M22	8	3739.78585018016	0.664336069440077	0.232143704586829	39431.7559361509	6990.87700514771	9373.17238886711	111335671.932807	373883.041202336	371834.223746156
100003	100	C51M16.npy	C51	M16	8	72.8668618502651	0.394102331462868	0.290787405190684	741.757894681167	108.87413835189	507.078193189593	210634.398815711	6667.59274990496	4693.23314559732
100004	100	C06M16.npy	C06	M16	8	110.918339186738	0.503021979165603	0.302129328850421	782.064719590954	160.141194869837	1475.3494893464	469533.362068434	10721.9164005496	7627.10914788788
100010	100	C38M20.npy	C38	M20	8	2.00144401981409	0.213554748621345	0.240586808540776	3.73745697389086	2.53453225092613	11.2764412933546	79.1319654858463	121.598196582226	38.4807926636024
100006	100	C06M17.npy	C06	M17	8	0.496518915989343	0.463194076550311	0.330293328136591	1.29382915710361	0.548389827649317	1.42108108085711	12.233304115446	16.1410813956036	14.8980833053675
100011	100	C05M29.npy	C05	M29	8	0.382830758042349	0.180295631743595	0.315517360537676	0.818473464084442	0.368767479305805	0.466453094240192	1339.25697028361	14.5512418322681	5.75292529815036
100008	100	C07M29.npy	C07	M29	8	0.354603259962398	0.248815406747791	0.331885600120745	0.342161610859947	0.348448896048499	0.300713946020978	399.506387640588	11.3465363047391	4.14381686788715
100001	100	C19M16.npy	C19	M16	8	16.9457567495974	0.270686782179439	0.269287940891219	220.025121875322	22.4141728392734	144.747610755751	112967.618726172	1075.99770755863	1457.52942821627
100000	100	C19M22.npy	C19	M22	8	749.920769073963	0.870872061682411	0.223568652871792	9053.72137610549	1381.59074521923	1925.56536868439	404060.407539785	74869.7798670423	74478.8679763756
100009	100	C19M17.npy	C19	M17	8	0.68615154505592	0.207814511022607	0.290001911641029	1.97481057394932	0.7695494961072	2.09384046535266	23.0219942450736	17.9849626329008	24.8751735741744
100007	100	C31M01.npy	C31	M01	9	26.5341929739793	0.568914116114648	0.539561834907115	156.86184444472	32.8092813684651	256.948226723244	17715.8687056139	2412.82135295742	1267.57598396574
100002	100	C38M01.npy	C38	M01	9	70.3678875809711	0.609553858852341	0.589412995606568	393.857950923897	91.9763586750395	1183.00451141889	91335.1337219819	6902.07951963324	4323.78707663486
100005	100	C40M22.npy	C40	M22	9	3543.08370824655	0.651784709198837	0.223178496356311	38208.0096940993	6735.92393662733	9344.46012403599	116098204.69067	354212.893067001	352512.121812462
100003	100	C51M16.npy	C51	M16	9	65.7428570423548	0.394144725897548	0.276607096348547	695.651102256664	98.4999740912508	499.383565913314	207056.543922263	5985.77959660284	4260.93041496152
100004	100	C06M16.npy	C06	M16	9	104.382838054335	0.508237676536884	0.291029603507076	781.263903590541	151.313106996696	1438.47442133001	468985.213836225	10094.2644671581	7274.65079885242
100010	100	C38M20.npy	C38	M20	9	1.89532030914067	0.21552462506438	0.235491787103236	3.52710037522793	2.41219832229784	11.068026311557	78.5222486084477	116.746799209124	36.271801104015
100006	100	C06M17.npy	C06	M17	9	0.484643240793211	0.452272669872695	0.319644082423107	1.25965364718914	0.538048339709316	1.3965341898496	11.5840849843889	15.861463712693	14.0853395732031
100008	100	C07M29.npy	C07	M29	9	0.347124601791055	0.24941416122706	0.317709126775259	0.34075857775742	0.34821346503812	0.283854096048712	21.0591293730351	10.9000955336922	3.59136653124134
100011	100	C05M29.npy	C05	M29	9	0.360947162807194	0.17897997648291	0.300252737159566	0.828525410254775	0.362901718873613	0.366909083333963	386.030322201809	13.0417641101093	4.70836150888942
100001	100	C19M16.npy	C19	M16	9	16.5181401579608	0.269235753574816	0.251401576350685	225.418711524491	21.7801888796821	152.195463397289	112743.551351907	1059.2234424433	1407.90866771146
100000	100	C19M22.npy	C19	M22	9	724.885567274725	0.868062145393876	0.208981639828442	9016.00868817249	1349.1554346391	1934.76678581338	412070.965683838	72374.4338228581	72031.1287741407
100009	100	C19M17.npy	C19	M17	9	0.67462797116554	0.202723090706656	0.275820321638029	1.92289810188887	0.757647622547082	2.03234280318919	21.5946520443792	18.2224747400144	23.241334796285
100014	100	C12M01.npy	C12	M01	0	212.128721532667	0.691494802045089	0.496953206253524	2539.97577244948	275.365742182944	2734.6181188578	303107.467325583	20960.7512937351	15588.3137427413
100020	100	C28M22.npy	C28	M22	0	489.601222777524	0.803114174264328	0.206657556014171	5969.52130112922	865.266990740826	1938.27192179235	365551.015189395	48864.5216759179	48282.7008797733
100015	100	C38M22.npy	C38	M22	0	585.830555865208	0.818016413598638	0.188904650982903	6187.63210529144	1009.38729884452	1939.432081559	305051.340755813	58521.0182757521	57905.355495251
100017	100	C31M16.npy	C31	M16	0	1176.57227101694	0.419622308118708	0.242235129499174	12114.8681269188	1827.03638141192	7929.10653978833	4039804.84349767	117133.331966067	86135.1349460094
100024	100	C40M16.npy	C40	M16	0	90.5271831394535	0.368452694294882	0.29785142115601	608.03569326535	125.978502519334	962.477999205682	202932.253292993	8665.21255623701	5911.77259243591
100012	100	C28M17.npy	C28	M17	0	0.547735783117246	0.200340486786302	0.256806906282378	1.71468469081477	0.627504672523592	1.87121994947043	21.6452903687321	12.1937371823752	23.8445721953082
100022	100	C51M29.npy	C51	M29	0	0.43049358041314	0.289591204544662	0.304177498172852	0.473179173045514	0.380510435152673	0.755022110572379	2802.4167024533	18.5893950682465	6.16359446408008
100019	100	C28M29.npy	C28	M29	0	0.429899957142961	0.225672115616715	0.271410517308257	0.309591124782357	0.308273192746275	1.37791591279013	13789.2937708959	22.8437371585239	10.8544719879715
100023	100	C51M20.npy	C51	M20	0	1.83395153487691	0.17337219662116	0.26960787593823	3.55648506853491	2.31717416715115	6.89285201656703	33.4301645687619	97.8821232472355	31.9217118884139
100018	100	C28M18.npy	C28	M18	0	0.808857669521485	0.495382677059667	0.396133694918242	1.61400121591057	1.41023132416502	0.987158936232941	36.9323996546917	42.0248801034017	18.0666416175705
100021	100	C38M29.npy	C38	M29	0	0.34413006846419	0.191321213146827	0.254123468703742	0.267397733715384	0.282979787266515	0.690417781561715	8714.09908021013	14.010256460599	8.19637080943796
100013	100	C22M17.npy	C22	M17	0	0.541073515474906	0.298752786543021	0.287823661879398	1.47325423827113	0.606959990005193	1.56647332086052	17.2298566545533	14.3415423904648	17.7576972419876
100016	100	C19M18.npy	C19	M18	0	0.62862789444703	0.532511713760126	0.361841652383407	1.58875215440306	1.03543036695341	0.534152557172039	47.8742886064067	26.7799561766259	16.1064277039573
100014	100	C12M01.npy	C12	M01	1	211.502164271348	0.679567029083283	0.501678461300461	2488.94542058394	280.15773287829	2839.95891655536	321051.026518832	20900.7694679363	15424.7145265083
100020	100	C28M22.npy	C28	M22	1	478.131638773769	0.805458666231734	0.222224286864662	5840.51435844758	840.749395751257	1921.20619118892	366613.738546535	47722.7207528744	47135.6348472663
100017	100	C31M16.npy	C31	M16	1	1316.17746163667	0.403170575020547	0.255727402434094	14605.3506407857	2041.9270573197	10877.3315204858	12496107.6489182	131087.854192779	96599.9828358888
100015	100	C38M22.npy	C38	M22	1	580.840124897622	0.815429819601372	0.205817192005747	6099.04214967962	1012.81172476644	1904.55290107912	310157.069789978	58014.4341100203	57408.4366266595
100024	100	C40M16.npy	C40	M16	1	92.9469201920699	0.365610707521232	0.317584215563332	712.450943257881	129.879049270131	1128.86764498992	398260.012093647	8908.48081874477	6154.07210128785
100012	100	C28M17.npy	C28	M17	1	0.544827506482111	0.200290978789482	0.274965106751997	1.6761916623633	0.625062594334448	1.87234032058533	21.0493759543418	12.0490048649525	23.4345294545707
100018	100	C28M18.npy	C28	M18	1	0.793909836259286	0.493616884469535	0.409465421100382	1.55789679028509	1.38940254277741	0.930163470896584	36.9418931475827	41.1961690295174	17.2945090558514
100019	100	C28M29.npy	C28	M29	1	0.448228772750415	0.208675621648704	0.282349883455948	0.28623541829022	0.288771621883853	1.37088221571886	35353.6137803679	25.6326012084321	10.4782564867531
100023	100	C51M20.npy	C51	M20	1	1.96362515487635	0.178140179733559	0.289189271619489	3.83967658131783	2.50573113548317	7.54582785323167	43.0803080423377	108.499913982627	33.2229295265381
100022	100	C51M29.npy	C51	M29	1	0.431596306769399	0.285454805214891	0.318437198815351	0.478482838221813	0.368455858420329	0.755062235774221	6592.73795308982	19.7857125871727	5.89686626821447
100021	100	C38M29.npy	C38	M29	1	0.334310844315841	0.186941960854026	0.268839272675923	0.25774231863106	0.267836044164364	0.686047844768727	9623.63447077419	14.0046770469892	7.68132388116859
100013	100	C22M17.npy	C22	M17	1	0.538832602128841	0.298477358838638	0.30627818858531	1.46057868246461	0.608025516375011	1.58338657245484	17.2083963822251	14.2085196696187	17.5444413592004
100016	100	C19M18.npy	C19	M18	1	0.624858959864851	0.537083655661989	0.380541916178196	1.57483086244536	1.04201467070568	0.528131051356838	49.7079525637971	27.1609499171662	15.9849964188494
100014	100	C12M01.npy	C12	M01	2	217.916074693605	0.682491273094724	0.50146624517932	2565.14946068112	283.756820337835	2741.9883913252	319278.101683076	21533.0221525151	15972.9531425184
100020	100	C28M22.npy	C28	M22	2	523.754035989565	0.812145161889397	0.219737732362395	6169.15899913978	935.736885916429	1951.50961767843	363801.939764659	52273.7508964232	51578.1645867261
100017	100	C31M16.npy	C31	M16	2	1414.97674989683	0.416305601273201	0.253021949253763	15881.17425514	2178.25921350422	11158.8255704011	12178801.1495328	140977.816551858	106353.428032815
100015	100	C38M22.npy	C38	M22	2	573.814208144336	0.815487036494707	0.204305613889043	5812.11984799038	987.980284594183	1827.54276915724	302481.804571281	57314.9759966763	56585.1589945091
100024	100	C40M16.npy	C40	M16	2	97.3558235398075	0.372027238492682	0.310890205050467	718.745366021786	134.648260985221	1113.60467032234	381489.261429032	9344.78250840397	6392.20750478068
100012	100	C28M17.npy	C28	M17	2	0.572963968143477	0.205043431359497	0.272994967722553	1.74906579781767	0.654812425274558	1.93255942373025	21.6431785975011	12.4392123453209	24.97061973535
100018	100	C28M18.npy	C28	M18	2	0.847751958988747	0.50595444600612	0.412588814330078	1.63959971209458	1.48599676532696	1.00191144044919	37.7381625291326	44.0294317672541	18.2150603206178
100023	100	C51M20.npy	C51	M20	2	2.01910393743898	0.177444283874694	0.284304382678143	3.93243581072151	2.56116913945633	7.71717747082147	42.89102561656	110.917996001612	34.6019490158219
100019	100	C28M29.npy	C28	M29	2	0.465399718791438	0.223095195871651	0.2835481354197	0.305827841072929	0.312239108151915	1.35376902185833	33931.6142442457	26.3276701458172	10.8863501129267
100022	100	C51M29.npy	C51	M29	2	0.449151790819233	0.289194607991317	0.315663692443514	0.491419691187833	0.388188773273478	0.750021437817221	6330.74876721216	20.4146465003303	6.43018808727779
100021	100	C38M29.npy	C38	M29	2	0.343876724183854	0.19368928642208	0.266349973062443	0.266671665441923	0.283210609492988	0.679400698383997	9236.73528218032	14.1442770984856	8.23270909433459
100013	100	C22M17.npy	C22	M17	2	0.556075172242464	0.305982438383388	0.302365737034358	1.50036589549481	0.624130125514461	1.61649344640696	17.2512203808167	14.5053978361827	18.6172743989435
100016	100	C19M18.npy	C19	M18	2	0.639851039283752	0.541628828110965	0.378330171541756	1.56663351197765	1.05502257316959	0.529681369108666	21.9907324772098	26.9493139389187	16.6629477611142
100014	100	C12M01.npy	C12	M01	3	228.352155721079	0.687474805515029	0.502501179052226	2621.00992919031	294.647706301926	2753.64723383357	320394.619469949	22567.8829003036	16786.9386265518
100020	100	C28M22.npy	C28	M22	3	527.556621524174	0.816389278249471	0.221205412990304	6043.07432946109	921.464074534087	1700.28246919872	360991.545413456	52649.2032307976	51905.089855493
100017	100	C31M16.npy	C31	M16	3	1464.02733179097	0.414633116081495	0.256199033468503	15831.2853180152	2197.96197862669	11082.5152587097	11930687.0853586	145837.227941707	109069.209793959
100015	100	C38M22.npy	C38	M22	3	614.046003396378	0.817405559153974	0.2034230274734	6081.30072716749	1045.82262095521	1869.48818214731	311457.926965898	61334.9814106904	60488.695497038
100024	100	C40M16.npy	C40	M16	3	91.6519303119607	0.378947935767663	0.313391945823371	695.256122226006	125.57518561647	993.502126805388	368432.629094985	8747.58576147685	5984.00720226925
100012	100	C28M17.npy	C28	M17	3	0.570814287046985	0.207654853652792	0.274668144082271	1.72149124909582	0.650226361756715	1.83750500026257	21.4562017419259	12.4974068304458	24.5760011786036
100018	100	C28M18.npy	C28	M18	3	0.863029369813692	0.504925055816412	0.416927465664023	1.66908643686777	1.47612784131587	1.01282525991286	37.0809405016863	44.1465905017741	18.5260219897943
100019	100	C28M29.npy	C28	M29	3	0.46344534432182	0.224852698872798	0.285167460977342	0.307760908003202	0.307977475618785	1.3258558480077	34147.7431022363	26.1836934610948	10.8092365310116
100023	100	C51M20.npy	C51	M20	3	2.03700681796087	0.179104623648948	0.28691219321201	3.94419723396857	2.54415389523197	7.76843715348055	42.3249945982644	109.652960573404	35.570599799417
100022	100	C51M29.npy	C51	M29	3	0.44052626776796	0.288293012685849	0.317673231193698	0.482551764224351	0.379441062982341	0.715337589967956	6370.55682047936	19.8304139630676	6.28752858071484
100021	100	C38M29.npy	C38	M29	3	0.343919131605778	0.195523313581854	0.26834867959949	0.267172962065153	0.281665876801417	0.666684237164256	9295.73532618365	14.1667024146903	8.210067550212
100013	100	C22M17.npy	C22	M17	3	0.55471507877883	0.304402511233244	0.30431707993462	1.4736188933579	0.620602975320488	1.55891040297826	17.3076314205849	14.3690502309823	18.431486285495
100016	100	C19M18.npy	C19	M18	3	0.662480468984969	0.543260490925421	0.383495378922349	1.63641197237048	1.08749305149761	0.540297527776879	47.844645435618	28.2415109097149	17.0221969504114
100014	100	C12M01.npy	C12	M01	4	218.891889460186	0.683492748381501	0.504311722991869	2600.81574167035	284.661238460237	2777.71113521131	320571.235477565	21632.9202356897	16023.7761107443
100020	100	C28M22.npy	C28	M22	4	488.391937743478	0.804938545729516	0.226068045733092	5776.14757076333	873.169630256452	1845.93697754945	484677.626309062	48740.1195882865	48123.4729717094
100017	100	C31M16.npy	C31	M16	4	1383.09231545593	0.411522499557947	0.259398490932746	15458.3412145293	2142.22981312043	11282.4798616957	12457612.6612443	137790.269293544	103220.308590009
100015	100	C38M22.npy	C38	M22	4	567.859866698789	0.817257604016395	0.211740717822045	5664.38089129241	996.451164071164	1782.44531996762	378412.321050612	56722.8516037944	56017.3897633002
100024	100	C40M16.npy	C40	M16	4	71.5270080089013	0.400471428607937	0.319505631907081	429.757396222204	89.4138057600096	964.755015127948	255537.470874133	6765.94384649501	4553.6708936433
100012	100	C28M17.npy	C28	M17	4	0.544916955442164	0.206163961468133	0.276781569425443	1.65836830213536	0.624072522212858	1.87411923312167	21.1840244792241	11.9249983423573	23.8686374443761
100018	100	C28M18.npy	C28	M18	4	0.806923391060644	0.496419692603858	0.415360320791871	1.62242101419559	1.41456779025692	0.928454360928719	38.5158025724238	41.2407549905855	17.9637223937746
100019	100	C28M29.npy	C28	M29	4	0.452533030069608	0.217172008385081	0.285349826658643	0.297040914619041	0.295804727367955	1.36031802639341	34866.5081890382	25.7916050657866	10.8858583586602
100023	100	C51M20.npy	C51	M20	4	2.00318817746401	0.178428775149913	0.290844416989168	3.93966131282529	2.54004307002955	7.814300356088	45.3089530299645	109.916988652191	34.6796775060757
100022	100	C51M29.npy	C51	M29	4	0.441589936130625	0.289641523423918	0.321750567064036	0.490480465217974	0.37942791545852	0.747229472315867	6505.06331932291	20.2019169353785	6.30246275125841
100021	100	C38M29.npy	C38	M29	4	0.339065292152856	0.192162735761885	0.272980329575918	0.263922529252879	0.275887038031249	0.684221553695035	9491.21699790642	14.0504702914312	8.16356216199202
100013	100	C22M17.npy	C22	M17	4	0.547641906330802	0.30458477915046	0.308443910327477	1.44277383408014	0.613806316346649	1.58997167318315	16.4976860954086	14.4652292148786	17.7123087455604
100016	100	C19M18.npy	C19	M18	4	0.638526602017093	0.538213946675232	0.38519779999619	1.65501288244142	1.06401288974238	0.529218877603434	51.5687984251632	27.2505313697312	16.5343233735764
100014	100	C12M01.npy	C12	M01	5	220.328212966135	0.688410188452873	0.504744608985069	2640.91828419151	289.203447620012	2843.37372598363	324484.23820279	21776.8792108041	16296.44890564
100020	100	C28M22.npy	C28	M22	5	485.062465204942	0.819742935923064	0.225434759526913	5741.9880768949	864.521244450593	1981.9758860472	339304.280916041	48360.5169658771	47775.3008006104
100017	100	C31M16.npy	C31	M16	5	1369.35998420808	0.411956739872088	0.259055280119508	15362.1438962992	2103.18890961956	10672.6024114226	12433348.1458315	136402.223330649	103902.583486389
100015	100	C38M22.npy	C38	M22	5	595.20727602131	0.815735180552419	0.208968364211233	6085.40653741332	1031.81334065519	1939.70076604469	310906.089116826	59455.6990037381	58733.0443585148
100012	100	C28M17.npy	C28	M17	5	0.549664793737574	0.206714271698823	0.279624614882755	1.68295075314238	0.637458707916777	1.87440670451955	20.7453713346023	12.1879434813976	23.7082117107966
100024	100	C40M16.npy	C40	M16	5	92.4344037128605	0.368409949725445	0.319638736871637	710.484469859022	130.010155756758	1057.51866843302	391039.365918559	8851.98456217858	6124.53880829199
100018	100	C28M18.npy	C28	M18	5	0.825562642738857	0.504869136242929	0.417938905539454	1.60011367206634	1.43581851285032	1.01975730162969	33.9385135458239	42.0037612735098	17.7335852849567
100019	100	C28M29.npy	C28	M29	5	0.458604398108351	0.221287049352313	0.287987895623573	0.307043633828663	0.308386964277435	1.3835965705171	34396.8303710096	26.0589529273901	10.9519470695497
100023	100	C51M20.npy	C51	M20	5	1.95628195389138	0.17797975949844	0.292526211219283	3.88614717597723	2.4909680910215	7.6621845730497	41.0999485994517	105.893663532356	34.3731382273137
100022	100	C51M29.npy	C51	M29	5	0.439526124708975	0.28954392982706	0.323790240919918	0.479427511335463	0.383735900553522	0.757163242990946	6417.75513821897	19.8423775925492	6.29325115052955
100021	100	C38M29.npy	C38	M29	5	0.340309397307181	0.196696680955767	0.274744760210052	0.266705035092752	0.281648080829825	0.690608879753056	9364.59078592296	14.0955171501763	8.21732231686885
100016	100	C19M18.npy	C19	M18	5	0.648560141279431	0.540843412966082	0.387488800987039	1.63954345062838	1.07648317347526	0.543458227596891	47.8444211696915	27.6678385898036	16.6346253007442
100013	100	C22M17.npy	C22	M17	5	0.541266289651486	0.303527910139879	0.309489560831893	1.45828858850745	0.616025554426782	1.57092316340065	16.831002398775	14.2763272004112	17.7083099753472
100014	100	C12M01.npy	C12	M01	6	220.535848295544	0.686921300406123	0.503726593830236	2578.72279915623	291.33236962405	2715.53222342363	318190.382409505	21797.1682725589	16221.2129907807
100020	100	C28M22.npy	C28	M22	6	473.631080326732	0.826489088758244	0.22673134587851	5583.82121489569	854.181030448656	1837.35681316962	276957.577947818	47260.490882348	46591.7670784208
100017	100	C31M16.npy	C31	M16	6	1422.89486950997	0.412965262308362	0.259567320974716	15832.2705297324	2201.27667533663	11351.85422808	12192504.7153403	141745.412966398	105859.060931576
100015	100	C38M22.npy	C38	M22	6	596.623863446107	0.816659357441056	0.207245875755704	6164.86984073509	1032.54764055251	1916.46810300957	309041.495201726	59595.9248631708	58871.2345510194
100012	100	C28M17.npy	C28	M17	6	0.542283535042726	0.206712875236934	0.276553896735614	1.64178172508961	0.618938198408322	1.82013098042804	19.7179900559344	11.4753764844164	23.5928265371322
100018	100	C28M18.npy	C28	M18	6	0.810491501512872	0.508545659497246	0.417908232742992	1.66610775613177	1.42744903470499	0.960206141402522	34.5071613204356	40.6732835966087	17.851260547681
100024	100	C40M16.npy	C40	M16	6	91.921737233879	0.373718882237269	0.319131722813778	713.390600252783	127.425093748142	1062.06810335479	379643.664410518	8788.29007924204	6094.02058783773
100019	100	C28M29.npy	C28	M29	6	0.451868907312955	0.220672438714671	0.285611833510014	0.301175703578494	0.30074570011862	1.34903443335231	34603.9491929977	25.6707330384856	10.809136328234
100023	100	C51M20.npy	C51	M20	6	2.02612051979355	0.179023231796605	0.290206076913936	3.96489598093003	2.58006813900562	7.78312252158696	43.2671239722813	111.295034502014	34.6622717804591
100021	100	C38M29.npy	C38	M29	6	0.33744530019359	0.193109765684054	0.269898306098047	0.263703276965019	0.277602728705958	0.678644068391999	9419.77040311084	14.017068607609	8.17750204506704
100022	100	C51M29.npy	C51	M29	6	0.444378695390936	0.289054854270662	0.320164759335297	0.493381764550811	0.386354727646176	0.753926605381688	6456.0531793825	20.3407553275647	6.3787510143626
100014	100	C12M01.npy	C12	M01	7	227.241921190996	0.686671889937303	0.497890832341887	2743.72506132018	297.179907366244	2878.98599039111	340387.571083981	22467.4295671982	16756.7633938621
100016	100	C19M18.npy	C19	M18	6	0.651255143270541	0.541214417495207	0.385857317899924	1.67243225941159	1.09011291677096	0.537549210803772	47.300990343771	27.8511649439252	16.6968011995362
100013	100	C22M17.npy	C22	M17	6	0.542970179370284	0.30364510622542	0.307359204539711	1.43713209237243	0.611869137091745	1.56547174114687	16.9769646021233	14.2442423735572	17.8391573042925
100020	100	C28M22.npy	C28	M22	7	478.719172959891	0.821813939897497	0.203276686597254	6076.10607497569	840.537637147265	1796.95251986416	279900.962249826	47764.4518759179	47242.5626942113
100017	100	C31M16.npy	C31	M16	7	1374.92650192698	0.427100908595497	0.23925988922036	15968.0857824403	2128.10428675885	11376.640266262	12012568.5117997	137035.133704918	102810.325845355
100015	100	C38M22.npy	C38	M22	7	468.629646976306	0.838508633968167	0.191605508354841	5607.72600435321	825.503397611801	1511.95431813938	246187.987064147	46796.9302562883	46207.8264727457
100024	100	C40M16.npy	C40	M16	7	94.9034179059512	0.374794406872147	0.293146957110209	721.825884291625	130.648887933616	1116.40526080038	386655.702024378	9132.92484138811	6288.26363605444
100018	100	C28M18.npy	C28	M18	7	0.790831333425638	0.504610074872332	0.394725517450769	1.52108659158154	1.34295674083324	0.940514042742082	27.3153472761966	39.4800539483864	17.6222179955858
100012	100	C28M17.npy	C28	M17	7	0.551178749025416	0.197142319257741	0.252800285818961	1.70634478836304	0.629728203871872	1.84961957686044	20.5809534156553	12.0609267695286	23.7684515069639
100014	100	C12M01.npy	C12	M01	8	225.427630060941	0.68409763958674	0.503768282985149	2656.97207971939	291.097175318744	2723.52930303898	324907.63942153	22278.4898287495	16466.7326311452
100019	100	C28M29.npy	C28	M29	7	0.462162792040441	0.217990581273024	0.268363894517385	0.294752958325801	0.304601051673166	1.37082345658178	33831.0912139368	26.0017605025085	10.7378772056697
100023	100	C51M20.npy	C51	M20	7	1.97046434563298	0.174061032566571	0.266168549977976	3.88679369686238	2.46673767093355	7.61370546540946	42.5213625259959	107.670513829486	34.1455074484647
100021	100	C38M29.npy	C38	M29	7	0.346735210825143	0.185902665404359	0.247917700994441	0.263140149442931	0.283790040571822	0.688681773320723	9209.44140641733	14.145590702143	8.15187417260054
100022	100	C51M29.npy	C51	M29	7	0.446274542085671	0.282980099498729	0.297636666161851	0.487622173690163	0.384131732728728	0.74139526556049	6311.38182778481	20.1252775948533	6.24212301497866
100013	100	C22M17.npy	C22	M17	7	0.543702848345988	0.297829873903876	0.283406229790614	1.47096173820394	0.606971578947997	1.55120860666953	16.104064808604	14.3141191513953	17.6271546523218
100016	100	C19M18.npy	C19	M18	7	0.631978907106502	0.535736784908097	0.35901805528478	1.46561733542974	1.03369091747319	0.515026471923609	46.7989061035423	26.538362835004	16.2128250518293
100020	100	C28M22.npy	C28	M22	8	525.62676749714	0.809394873943962	0.217609837533329	6288.27142864017	916.113432790529	1959.91664380696	367832.363109086	52460.0181900207	51748.6341091772
100014	100	C12M01.npy	C12	M01	9	216.426119147173	0.684554924768244	0.49881699292685	2655.35278067228	281.263673005544	2809.967229657	323238.024893409	21391.2959495245	15937.7935877618
100017	100	C31M16.npy	C31	M16	8	1356.05971064658	0.412413624109064	0.253652745080857	14940.3004699174	2074.20206137136	10559.7122858766	11515923.2640781	135054.681336817	101048.107420021
100015	100	C38M22.npy	C38	M22	8	608.090155861693	0.817407716115504	0.198367561367009	6306.90185435052	1035.15136296998	1915.61109421893	308272.519994644	60741.498626686	59967.0811358654
100018	100	C28M18.npy	C28	M18	8	0.856740458575649	0.500153515846645	0.413069973349321	1.63854842950699	1.47438764738412	0.992943871958611	36.7547368217747	44.0265487673874	18.3932618393456
100024	100	C40M16.npy	C40	M16	8	97.081734218748	0.369742183424729	0.309602927463811	712.687874179945	132.395963508449	1093.10391481158	389848.377746027	9295.48345907354	6329.58510840326
100012	100	C28M17.npy	C28	M17	8	0.574253909349503	0.202845513453262	0.276285764852725	1.76613777725926	0.648560107564305	1.88382487168127	22.1820702515812	12.5418862800311	25.0592948338871
100019	100	C28M29.npy	C28	M29	8	0.467151916052255	0.222329434282085	0.285971206368985	0.314636970609149	0.312823657445074	1.32778749575647	33288.1114722167	26.3053800870458	10.6387372866591
100023	100	C51M20.npy	C51	M20	8	2.04513482827671	0.175622814048272	0.285621196821414	3.9371418943059	2.55411424123357	7.61748082481541	42.3426566706928	111.402733196522	34.676141486203
100021	100	C38M29.npy	C38	M29	8	0.349176877559763	0.194426374037181	0.269949450416199	0.273877956495081	0.287789442434712	0.66957371258014	9061.58446432256	14.2548518742777	8.13824536365087
100022	100	C51M29.npy	C51	M29	8	0.448456457086422	0.291796566134526	0.320425883039421	0.496607154073314	0.387489044102853	0.732936985378169	6210.7078218547	20.3631557893763	6.43527497352575
100016	100	C19M18.npy	C19	M18	8	0.637935572278999	0.54104303245133	0.384028074648422	1.47439956305092	1.04886066022241	0.526668172920035	46.0802520011998	26.6012875460856	16.4136924433391
100013	100	C22M17.npy	C22	M17	8	0.552323879069008	0.30712906394612	0.304375053604317	1.49725391950109	0.615995043848268	1.57688895141842	17.6518399180565	14.5266474422015	18.6387820093439
100020	100	C28M22.npy	C28	M22	9	483.522486277216	0.808754283729436	0.20864818076735	6056.00151250177	851.954255839192	1916.22431705126	369324.452429865	48258.6162658911	47680.953140081
100017	100	C31M16.npy	C31	M16	9	1369.7908419037	0.408230550012874	0.243218735372634	15680.290217916	2091.51250377927	11361.1088122293	12400430.5797033	136455.061289309	101888.869982132
100015	100	C38M22.npy	C38	M22	9	561.977479313902	0.815846488336123	0.192717193118501	6082.62669525502	965.847291649552	1883.53131764853	299074.30794007	56137.200177075	55542.3155134433
100018	100	C28M18.npy	C28	M18	9	0.806400227040045	0.495636358844896	0.398725962961058	1.53619872165303	1.40708907681622	0.993375843439971	35.7868273746372	41.9958525651173	17.7770728103397
100012	100	C28M17.npy	C28	M17	9	0.547098599969895	0.195038627955353	0.2596630462684	1.70097088513932	0.624155654175169	1.86361768025514	20.4900844811014	12.1515194872978	23.5481513661148
100024	100	C40M16.npy	C40	M16	9	91.9940126380723	0.368899589693435	0.301731015955255	714.041685259364	127.860916542171	1082.92903034935	386864.619836247	8813.6028716887	6081.39453452569
100019	100	C28M29.npy	C28	M29	9	0.333281576282563	0.25435027475486	0.273413065905538	0.307422244312989	0.308766178979588	0.263451771092305	21449.0746956656	13.3357468616749	3.81266249209171
100023	100	C51M20.npy	C51	M20	9	1.90817439013354	0.171679487956113	0.272810260305877	3.68083918679373	2.38731235988041	7.32872216879866	40.5586127239609	104.737143227411	32.2437298528897
100021	100	C38M29.npy	C38	M29	9	0.27053542270793	0.211942787728048	0.255086508333488	0.268926085226981	0.282680676087069	0.2293251831371	736.085719725873	6.90405499506151	3.25896033530861
100022	100	C51M29.npy	C51	M29	9	0.402677041992904	0.293910774852203	0.305562550857762	0.486731086186148	0.37916864220731	0.391521437147764	3772.12811841657	16.1622382084468	4.44097379927558
100013	100	C22M17.npy	C22	M17	9	0.536033256031167	0.299270410766869	0.292443127823574	1.456923352929	0.601007474746769	1.55285807404432	14.7697418950381	14.1508985505035	17.352626310391
100016	100	C19M18.npy	C19	M18	9	0.625941474085676	0.53158505897453	0.364046640148227	1.56825544861557	1.03350299581116	0.523535242715013	48.6215087236933	26.7654093813057	16.154070038935
100026	100	C38M02.npy	C38	M02	0	58.6007327174288	0.68741436754063	0.470386970252563	793.578329712006	74.6977034144215	806.560421824935	70406.9288289696	4162.78790560057	5248.51618748108
100036	100	C31M02.npy	C31	M02	0	57.4918147712536	0.695177792190585	0.488435038200968	892.619599278392	74.3617944968187	630.547446123282	52149.1336178715	3798.40636435078	5138.27140595158
100035	100	C39M22.npy	C39	M22	0	823.873030806236	0.784970282442379	0.191756026704746	9032.57412987112	1494.80261966746	2840.40512131873	10016998.8338233	82250.2629910685	80587.5617220006
100033	100	C51M18.npy	C51	M18	0	1.01042134289737	0.584126597065517	0.410835143229779	1.97801401357092	1.76779119975183	0.991224219469659	75.7796180663025	59.5267538018434	22.0782204822772
100028	100	C40M18.npy	C40	M18	0	1.26234312486445	0.518782305381465	0.42118813194784	3.36075451666189	2.20292139960214	1.38887765870505	1047.23479100222	89.8878368523085	45.1579804744388
100027	100	C22M16.npy	C22	M16	0	189.224443623533	0.441048517602976	0.255961295790931	2043.41075327058	304.209026179605	1840.05920750447	300498.130951972	18388.5194147438	13083.8829254577
100037	100	C05M18.npy	C05	M18	0	0.679925563869074	0.491482472146884	0.379292832747566	1.24533638956777	1.09476866948782	0.629244246303173	1572.52681340081	32.100452926515	14.146725602486
100034	100	C38M17.npy	C38	M17	0	1.1018418094651	0.445188556371317	0.210624270424747	4.24557932760304	1.25146758396704	4.40540247279223	156.573040716524	65.1542793526125	49.5848069314856
100025	100	C39M29.npy	C39	M29	0	0.313962394171178	0.172771570815927	0.268431675543131	0.298561651076018	0.318918458590347	0.319732569780673	1288.57373474093	9.11410002767848	4.63276523307417
100030	100	C19M20.npy	C19	M20	0	1.00995301594501	0.168546783595727	0.231633908629771	2.33588974647684	1.32095581119788	5.36031105380108	12.207192138876	32.4505234265654	31.7153839926465
100031	100	C07M20.npy	C07	M20	0	1.42147045489137	0.231085867124529	0.326758410106253	3.10092154106741	1.80283208553024	7.0056594418985	37.8345812697764	72.9037746214969	32.9782807368896
100029	100	C39M20.npy	C39	M20	0	1.03616930955373	0.201036472703255	0.265045665761476	2.54618836465524	1.33494843270486	5.4825657559898	25.5845599699649	38.4855829244764	31.0511393152495
100032	100	C19M29.npy	C19	M29	0	0.263553476883224	0.200547550134389	0.265154541111018	0.287337202941021	0.263663389328037	0.327871241739739	896.711731769444	6.67428677936579	4.05656485563461
100026	100	C38M02.npy	C38	M02	1	66.2654556044506	0.815905865723624	0.47239332724356	1473.40183485199	110.16679064847	816.798191514661	50066749.565502	5627.93749820965	6009.65921406588
100036	100	C31M02.npy	C31	M02	1	82.4079651068757	0.85250772289914	0.494885705338741	2379.94780189706	162.048787932028	637.927783925493	138787133.065818	6972.54382262382	7563.79048623798
100035	100	C39M22.npy	C39	M22	1	786.678569009684	0.785125970158721	0.2074301237496	8586.82427755872	1442.16637277424	2692.32240156299	10053617.7051788	78535.5326682603	76925.8747923861
100028	100	C40M18.npy	C40	M18	1	1.25714687783102	0.520275802018721	0.437422326438636	3.33858293529583	2.21317411289976	1.38962750501767	1060.90120587705	89.9283738295775	45.3242432523496
100033	100	C51M18.npy	C51	M18	1	1.06010891743351	0.582465365521491	0.424369354784951	1.97980070167324	1.86747246789469	1.03541100424024	53.6045971208655	64.4653394291398	24.7297350835842
100027	100	C22M16.npy	C22	M16	1	186.320316936607	0.436838492304684	0.274447517419176	2030.27911383907	303.12114204657	1976.64761170958	342188.414843615	18093.3531033303	12817.805089593
100037	100	C05M18.npy	C05	M18	1	0.590182693508423	0.512078313724121	0.395148334222787	0.911096673171368	0.974741097282298	0.638739775554977	13.4385864675021	23.2269545482902	13.9312833964639
100034	100	C38M17.npy	C38	M17	1	1.08704881009095	0.443474549654453	0.232300698439464	4.15341034760471	1.2456595142651	4.31642002078285	152.686675843962	64.3347148135614	48.709469186019
100025	100	C39M29.npy	C39	M29	1	0.302145300042829	0.167249689900951	0.285184066795704	0.282821932925538	0.295932306058306	0.30862956196425	3995.09366618238	9.22170837438306	4.0708034584277
100031	100	C07M20.npy	C07	M20	1	1.40782536722441	0.233758426663732	0.347871404672748	3.14217994211322	1.80749786447881	7.2741971082561	41.1884537985881	71.2789184832218	33.6383295847231
100030	100	C19M20.npy	C19	M20	1	1.01601341515102	0.17164587995702	0.249519258004876	2.40438351710818	1.34436012844136	5.61445527327884	13.8007413076819	32.3286595553712	32.4714120950795
100029	100	C39M20.npy	C39	M20	1	1.04036948483081	0.208587556197057	0.285917802540176	2.62022718407401	1.36085577133177	5.6757664333477	31.7474091258815	38.6124669299993	31.4763770582571
100032	100	C19M29.npy	C19	M29	1	0.252336350322964	0.202493243502864	0.27944794168298	0.272575229558268	0.246572366986779	0.321652744364156	1319.18414010468	6.65317686740656	3.42468520242166
100026	100	C38M02.npy	C38	M02	2	74.0203136023091	0.796663924708547	0.472121113486646	1476.88804122946	127.203763847881	781.980916762913	46705476.2496043	5619.26128444865	6774.39198620277
100036	100	C31M02.npy	C31	M02	2	95.5882605424116	0.827811542589449	0.493111311751143	2443.39950351558	185.672139717147	663.513654667743	129477895.836233	7510.03338935946	8853.61842752323
100035	100	C39M22.npy	C39	M22	2	869.678948184806	0.786273981695855	0.202157104614198	9327.01395412795	1580.04959601411	2895.813590283	9735348.85384904	86824.0503219077	84856.6961814712
100028	100	C40M18.npy	C40	M18	2	1.31161285636638	0.530040857035602	0.436491145300394	3.35288763443845	2.30101020841175	1.42375097013473	1022.77223651306	93.0008437358905	45.2714445093389
100033	100	C51M18.npy	C51	M18	2	1.11435982920198	0.588310325559243	0.425491170916146	2.09713726891438	1.96961813749112	1.02638108379427	73.9124249604482	67.0220206651968	25.4038385072621
100027	100	C22M16.npy	C22	M16	2	199.589979154761	0.452141706105609	0.270483895704172	2160.55240974844	321.471389027871	2015.13795330223	351142.073736566	19431.5340236592	13947.5415111464
100037	100	C05M18.npy	C05	M18	2	0.689103667791396	0.497385240874911	0.393725189867556	1.20993708847004	1.11772109428831	0.609663150192597	1534.05292980429	32.0929867325105	14.6499021198502
100034	100	C38M17.npy	C38	M17	2	1.07059301105376	0.44581259189793	0.226319592722474	4.00279818598346	1.19898575737384	4.16112751886286	147.820894799355	62.0258201897325	48.4843965523428
100031	100	C07M20.npy	C07	M20	2	1.45014020490705	0.232861404236711	0.34074668688483	3.22897949780686	1.84932958134339	7.34121276233412	37.6837026245757	73.0808992136431	34.9247190076873
100030	100	C19M20.npy	C19	M20	2	1.03216084172814	0.172822521205371	0.243479756595416	2.44264425502196	1.35804970893962	5.7261520262764	12.6514035727831	31.8174745856468	33.9393705734949
100025	100	C39M29.npy	C39	M29	2	0.317227375190016	0.176924470981676	0.28269329365141	0.291565986072226	0.319157093986706	0.31300639090797	3836.28518578222	9.59583640786277	4.65514027335554
100032	100	C19M29.npy	C19	M29	2	0.261768928384518	0.204155342609245	0.276568715288016	0.280261586323083	0.262353085769379	0.321222438416263	1266.28445542959	6.70077671970428	4.07857860247863
100029	100	C39M20.npy	C39	M20	2	1.08780775963294	0.207882201592214	0.280142642354505	2.69520490469736	1.40798064331004	5.89298272333116	30.958526683763	40.5685500889065	32.9782190114508
100026	100	C38M02.npy	C38	M02	3	76.6898865533512	0.796592507959837	0.474528954770928	1470.41507204253	127.516475291347	816.486169477197	45071930.0962904	5880.50442314161	7001.80554359729
100036	100	C31M02.npy	C31	M02	3	96.8062193985375	0.828316134746303	0.497347679113761	2388.63992004238	183.00007365746	660.928082099341	124940390.709608	7615.87727130948	8950.06654434887
100035	100	C39M22.npy	C39	M22	3	875.040694911168	0.786852231029296	0.204511525539908	9077.73423454466	1559.27237781452	2758.23472037817	10016903.3785255	87351.6200239278	85292.8721001919
100028	100	C40M18.npy	C40	M18	3	1.32628286404118	0.532510811633954	0.441722953004616	3.31857316785955	2.27786984232301	1.40577437727803	998.933284747326	93.2223774158777	44.5579494134749
100033	100	C51M18.npy	C51	M18	3	1.12057870384643	0.588480510896035	0.430862022843873	1.99797919189877	1.93941248234065	1.0336891086765	76.8587662454212	66.4884826015124	24.9036921236075
100037	100	C05M18.npy	C05	M18	3	0.700973913619714	0.498129149178485	0.397888987134283	1.22435105439292	1.12244396945577	0.58924311936129	1494.75688128806	32.3211455193727	14.9668452164421
100027	100	C22M16.npy	C22	M16	3	204.088769858736	0.447001625659285	0.27337061591908	2150.74878353338	321.231381535706	1996.21629659724	349401.203740138	19834.1220375337	14223.5667288807
100034	100	C38M17.npy	C38	M17	3	1.10977818728115	0.437221959850635	0.22859121293258	4.04952051531874	1.24948704904746	4.21503551479268	154.325914660396	64.5826734762037	49.7195765604203
100031	100	C07M20.npy	C07	M20	3	1.48328787076392	0.234791621119929	0.344563049055323	3.27327999337897	1.86332037687164	7.4849747689399	38.0338006986623	73.7652296886927	35.924891518042
100025	100	C39M29.npy	C39	M29	3	0.313759629636583	0.177360028701534	0.283528653665586	0.292799600159037	0.314009542470953	0.309802617161551	3860.72812705659	9.50602815376267	4.63696540562727
100030	100	C19M20.npy	C19	M20	3	1.06059105167967	0.174268954803173	0.245287387562857	2.4936322153473	1.38020526357931	5.82740172791009	12.8544940472756	32.1626933286429	35.1014695199521
100032	100	C19M29.npy	C19	M29	3	0.261256275493938	0.204564147981234	0.276755686896934	0.282847336961989	0.260739841267974	0.320056924683598	1274.27211505385	6.6954338801234	4.05049853337796
100029	100	C39M20.npy	C39	M20	3	1.11437868547998	0.209627572005834	0.282603114256228	2.75396279046095	1.42390478246312	6.01523212102462	31.1227568748076	40.8591029877089	34.0930656820998
100026	100	C38M02.npy	C38	M02	4	72.7854647601565	0.800584464728959	0.473707587481967	1468.58843544994	123.007069899156	636.289760128521	46173315.9176185	5522.71757386552	6674.95797185363
100036	100	C31M02.npy	C31	M02	4	93.3337029837692	0.832412300960637	0.496372483703342	2425.34010301641	180.982638192227	483.972240951706	127997926.728396	7316.17774092573	8652.80135928038
100035	100	C39M22.npy	C39	M22	4	719.186940837117	0.824804017295124	0.209096025892368	8293.52201441682	1265.76871759718	2708.30245947311	408411.347910161	71777.24414776	70024.0094439052
100028	100	C40M18.npy	C40	M18	4	0.875075391456913	0.582275120574497	0.443090974377616	2.132548454868	1.50827764007793	1.10191360402877	62.237080673714	50.6337946502181	21.8123251824272
100033	100	C51M18.npy	C51	M18	4	1.10528874334774	0.586919705606465	0.432189920187859	2.11438667390618	1.94986915636808	1.02737607669915	85.7556546518594	66.8916282100477	25.1510531175134
100037	100	C05M18.npy	C05	M18	4	0.672256833033904	0.49059665724302	0.399949203371754	1.23793175874712	1.086792332157	0.614562279419264	1674.1160506352	30.9081267597726	14.4574449019039
100027	100	C22M16.npy	C22	M16	4	197.929667583698	0.449485238288429	0.277962586312444	2161.45432391189	314.043716614186	2038.98505641284	357775.522178174	19265.26057866	13782.7151549294
100034	100	C38M17.npy	C38	M17	4	1.05222774761846	0.44354421809592	0.23480703309513	3.99775687622045	1.19213109486892	4.18371581677588	150.790199860719	61.226557607214	47.3225398722603
100031	100	C07M20.npy	C07	M20	4	1.42523002219063	0.235105093116027	0.349172802281116	3.22966017849906	1.81544513873614	7.39382452619015	38.4708352383208	71.1003940644387	34.8607360831155
100025	100	C39M29.npy	C39	M29	4	0.310186093310836	0.178994992362537	0.291523935186051	0.287671529649585	0.308349994139303	0.310493536988116	3941.93713482351	9.46394320202694	4.51081939490986
100030	100	C19M20.npy	C19	M20	4	1.03618326460828	0.172755300699199	0.25100860686688	2.47680223518162	1.36502368772334	5.82282802859213	12.2861631014521	32.075310927488	33.9838496198218
100032	100	C19M29.npy	C19	M29	4	0.258659243555057	0.20680145180356	0.283318520112326	0.278986269323778	0.255047343669768	0.322733859604667	1301.14493341651	6.64937400532362	3.91198217035696
100029	100	C39M20.npy	C39	M20	4	1.0724528354299	0.2089883679796	0.287430523945969	2.72049919143565	1.38119137093951	5.98391114876276	25.2857307621808	39.1363282999334	33.0086050832965
100026	100	C38M02.npy	C38	M02	5	75.2723856691346	0.796880727690468	0.472811114257523	1502.09830352343	128.223753732779	806.849777222298	46120316.8056272	5755.70638577114	6903.89082225242
100036	100	C31M02.npy	C31	M02	5	95.0799523239015	0.828884051319696	0.496676627291408	2437.69007367321	183.952069966175	669.257331488283	127846123.05365	7474.45842770308	8819.31575092773
100035	100	C39M22.npy	C39	M22	5	864.026174065092	0.788520902367667	0.208915198003748	9313.95264602972	1566.05738282757	2967.00001046024	9968164.79166721	86263.5312795969	84407.9937506249
100028	100	C40M18.npy	C40	M18	5	1.29407158642739	0.528400064306658	0.445087970917706	3.26074317663726	2.25928812828959	1.42185059854504	1018.9721600821	91.6868033401575	44.7622304863986
100033	100	C51M18.npy	C51	M18	5	1.09000909384786	0.587723306211934	0.43511592126073	2.00672568264907	1.89868864690034	1.02408417649734	75.9512602170774	64.7427697647061	23.5282224839967
100037	100	C05M18.npy	C05	M18	5	0.696956111334038	0.494366932035546	0.402472414590217	1.24231518801196	1.12757512329121	0.640348676370719	1528.08371440606	32.513591367462	14.6632110547066
100027	100	C22M16.npy	C22	M16	5	197.435988439126	0.445280504431224	0.279297131387457	2122.57989241928	318.402556718225	2058.52013080603	361207.954687651	19200.7205404636	13827.7427508218
100034	100	C38M17.npy	C38	M17	5	1.07984567792786	0.438039365448109	0.235180051980074	4.0960521176235	1.24236305674244	4.3555131029132	152.987410214992	63.3721871693164	48.592501596278
100031	100	C07M20.npy	C07	M20	5	1.41160769746491	0.234856583272241	0.34913517359333	3.23808137506157	1.8049538989499	7.4337725754986	36.7778230254466	70.2591255011692	34.7438626285087
100030	100	C19M20.npy	C19	M20	5	1.03333257015039	0.171634892108278	0.251185408280566	2.47106768418652	1.35746190442336	5.83589596760878	12.7271109050569	32.0978029517226	33.857124484611
100025	100	C39M29.npy	C39	M29	5	0.314571319320291	0.180383270490839	0.29266290457479	0.295668059226105	0.318725904900475	0.315914611889478	3889.43687011068	9.57203561391311	4.58975110123424
100032	100	C19M29.npy	C19	M29	5	0.259998019679912	0.206879863304064	0.284336741506875	0.2851540422626	0.262798556622721	0.323754775817361	1282.96822162446	6.63594049945721	4.01882092609991
100029	100	C39M20.npy	C39	M20	5	1.08073539145852	0.209612173125094	0.288524824763313	2.72290229521016	1.40024602015758	6.01426811683073	31.2906370786119	40.3057827395392	32.9065933291168
100026	100	C38M02.npy	C38	M02	6	75.4690047846415	0.796825736294697	0.474101185442241	1500.73791535976	129.314165615924	799.359046100113	46012218.8923161	5769.37683779225	6911.85047855047
100036	100	C31M02.npy	C31	M02	6	93.9605582914438	0.829874096720747	0.497391924658056	2417.4763396018	183.883388222261	637.304639019108	127546578.048757	7363.23916776516	8722.22597896904
100035	100	C39M22.npy	C39	M22	6	859.784242345236	0.786997784009004	0.208819169423347	9312.02321119049	1559.21760925333	2870.51721355196	10022192.1446232	85834.6145062911	83918.9093023195
100028	100	C40M18.npy	C40	M18	6	1.29783520260095	0.527806851703366	0.444410351568069	3.38550307818717	2.28232215544865	1.41002655319969	1015.07138150854	91.9220468326292	44.7547641466645
100033	100	C51M18.npy	C51	M18	6	1.1343743710358	0.586904494358856	0.433006202626499	2.1159565657467	2.00664263787188	1.05904711742634	81.1669201767354	68.4334714785298	25.3610234794511
100037	100	C05M18.npy	C05	M18	6	0.689881515264861	0.494957833249548	0.400384621490284	1.25696117796692	1.12452653500469	0.634404880616123	1520.75199432783	32.1094147573683	14.7326123138632
100027	100	C22M16.npy	C22	M16	6	191.682698370118	0.457282208530272	0.277893159226705	2161.61489586003	306.956062283519	1852.7430116859	290710.854820527	18611.7045173754	14040.8244063291
100034	100	C38M17.npy	C38	M17	6	1.08177185057561	0.444282749728995	0.232380558684811	4.02616347036008	1.23742273789154	4.27504039804199	154.568466980002	63.9093165074798	49.0639450770034
100031	100	C07M20.npy	C07	M20	6	1.45351728110019	0.234726055297468	0.348462471467419	3.25670102092041	1.85142846480687	7.4109040713315	37.8368692242503	73.1020740693462	34.9942368132714
100030	100	C19M20.npy	C19	M20	6	1.04071979793487	0.173577444860202	0.250443518376684	2.4695023782499	1.37096282589723	5.7763221972944	12.6452003211369	32.2397598061754	33.9733708691809
100025	100	C39M29.npy	C39	M29	6	0.311308193626479	0.179452054449725	0.290278840879966	0.292329619614928	0.314365959094942	0.307359252193413	3912.26286372482	9.52627059945171	4.51835187981397
100032	100	C19M29.npy	C19	M29	6	0.25852459786625	0.20509231766953	0.28093527173134	0.282167050956608	0.260285849002409	0.318272316788762	1291.32399974984	6.65855961731343	3.95171372288008
100029	100	C39M20.npy	C39	M20	6	1.08839323555194	0.210401927194479	0.287622074531101	2.72574315317489	1.41204604091725	5.90866668234022	31.0259838222586	40.5511901603854	32.980375629888
100026	100	C38M02.npy	C38	M02	7	62.9175617729925	0.814864680528541	0.467377571824874	1448.78354686706	112.205968649076	733.336642712329	46023215.6702698	4514.25088611133	5784.61735517182
100036	100	C31M02.npy	C31	M02	7	93.7988471662692	0.828600786227028	0.486017655011268	2461.17165322437	181.504542061986	642.188323808096	127625989.802215	7341.83835174188	8700.74103628111
100035	100	C39M22.npy	C39	M22	7	819.204959352248	0.785024855034078	0.189599572961728	9243.66696599519	1484.83652810796	2810.05826382416	10085329.4863907	81777.7734537745	80000.7643906945
100028	100	C40M18.npy	C40	M18	7	1.29331625642408	0.527248599036946	0.419624725628462	3.26750300396641	2.23870526563644	1.32206646967164	1072.84809250198	91.9273020722537	45.4960537828035
100033	100	C51M18.npy	C51	M18	7	1.08566353353082	0.584592758936245	0.408081876964513	2.01440826516413	1.89086036412273	0.957797275260783	83.0216933961221	65.7961791048286	24.9451458025919
100037	100	C05M18.npy	C05	M18	7	0.680232259425358	0.48734945909498	0.373476726369586	1.19809886611565	1.08782461353663	0.619334025930907	1610.49767307478	31.6030293098643	14.5204591891373
100027	100	C22M16.npy	C22	M16	7	197.220444084903	0.465048964514061	0.251521143725701	2191.36574237378	315.257360241723	2056.78256244299	335724.74632694	19246.792065762	13848.3952647344
100034	100	C38M17.npy	C38	M17	7	0.945747648336698	0.438384403618175	0.202706938701185	3.61144208507082	1.10494414962039	3.57736533509061	86.3430746893944	50.3723370951991	39.6211647141265
100031	100	C07M20.npy	C07	M20	7	1.40823014262899	0.228433447518188	0.322146818477318	3.16297392730619	1.77175025702774	6.94200969779803	32.7793242076919	69.0448874578992	33.6183207760313
100030	100	C19M20.npy	C19	M20	7	1.03135511188537	0.167116488499299	0.227964429772244	2.4511173918495	1.33727657243355	5.73109410803161	12.4907550761987	31.8910608809414	33.4390048075552
100025	100	C39M29.npy	C39	M29	7	0.315942073100577	0.169842312279726	0.262550555204452	0.282400888815478	0.314542429261556	0.311625395808458	3824.90258019368	9.49798390988949	4.57393721358619
100032	100	C19M29.npy	C19	M29	7	0.262274042056992	0.199265260179845	0.258951324045333	0.273283465798367	0.260474652971977	0.321197689904635	1262.50078654354	6.67064876469606	3.97334229625492
100029	100	C39M20.npy	C39	M20	7	1.05689248983579	0.202975182963038	0.261227627871715	2.66572332632871	1.35949392867915	5.88042551568033	30.6824381787042	38.3356530529149	32.626290124084
100026	100	C38M02.npy	C38	M02	8	75.8145787453151	0.796183272500376	0.471789225400102	1517.01746148786	127.298428757515	805.730954869666	45590253.5933019	5834.31209262939	6913.49789088784
100036	100	C31M02.npy	C31	M02	8	92.9203365337708	0.830163530739981	0.493879275084836	2430.20964158246	178.849728550342	635.143235683644	126376014.440303	7271.22078560014	8596.72538465172
100035	100	C39M22.npy	C39	M22	8	877.305373835276	0.790125831115904	0.202333934192661	9619.3165366528	1561.75147081297	2910.02940325008	9929003.75645386	87581.2647351412	85722.9452443962
100033	100	C51M18.npy	C51	M18	8	1.13467847395115	0.585026091762884	0.431025112608073	2.09001368055506	1.96671261459425	1.04086194446452	79.0897407005502	68.1146346750819	25.1417106032612
100037	100	C05M18.npy	C05	M18	8	0.711037794645687	0.495007962722242	0.393253188056937	1.25553233840219	1.13384524053418	0.643526043809075	1492.13503003064	33.0144407855132	14.5851447736628
100028	100	C40M18.npy	C40	M18	8	1.29844687587959	0.52760032211523	0.438721160428315	3.27145483315124	2.22986883735953	1.38166513524075	990.622562990526	90.6045755532286	43.3742382218914
100027	100	C22M16.npy	C22	M16	8	196.249154711838	0.446102351543923	0.274403151450877	2142.74366119111	312.14242194863	1921.25002414101	337516.541268468	19062.7146621747	13774.9526901832
100034	100	C38M17.npy	C38	M17	8	1.12964450491283	0.441603070599045	0.230810951663557	4.26627575033469	1.25949451286071	4.32830680446474	156.541670705585	66.0322926978557	50.5101712951536
100031	100	C07M20.npy	C07	M20	8	1.42994656427151	0.230768797568045	0.337873226389176	3.20721027745519	1.79293295864605	7.17275790100573	32.9784913588266	69.4934637632255	34.6856736247472
100030	100	C19M20.npy	C19	M20	8	1.04285835396052	0.172930843553289	0.248956892105515	2.43805221936732	1.35715303186575	5.66436371694928	11.8727437726635	31.9696334425713	33.9914756152107
100025	100	C39M29.npy	C39	M29	8	0.322217204627502	0.177020494125496	0.287829666575675	0.302469322473003	0.322746125974479	0.315483588252407	3763.55713518802	9.69777349588477	4.69210559547114
100032	100	C19M29.npy	C19	M29	8	0.261522600549306	0.20615020377466	0.279681707294638	0.287139122472947	0.262757112402457	0.321793607113302	1242.27959506943	6.62747307571748	4.10991480116087
100026	100	C38M02.npy	C38	M02	9	67.0623959166179	0.813636596357205	0.46834051249789	1205.82437902951	125.134419835974	797.698856302321	48926456.7665479	5573.29395488336	6111.2700367463
100029	100	C39M20.npy	C39	M20	8	1.1028001898718	0.206924383285492	0.279843807879724	2.69549717179228	1.40534722008077	5.84593680208028	30.4247790736551	40.7999014511853	32.9969511814419
100036	100	C31M02.npy	C31	M02	9	86.3450379000151	0.847595634339958	0.487762084475535	2178.71659961274	180.612490915578	656.817627894613	135631298.240909	7238.28379622174	7961.64216504382
100035	100	C39M22.npy	C39	M22	9	811.637543012191	0.792662256075705	0.193526578966354	9037.84136460388	1464.82017575622	2667.11165681158	10297233.8965615	81030.1272993704	79391.5934516231
100033	100	C51M18.npy	C51	M18	9	1.02302255122834	0.579254274363469	0.411483120241455	1.95867278243318	1.79474688743183	0.9674505900638	77.7653644226963	61.2850966993637	23.2360870951113
100037	100	C05M18.npy	C05	M18	9	0.679251793784801	0.485783037906314	0.380911898095464	1.22542753516167	1.0940195447897	0.630530954965286	1585.45644727397	32.0270370371379	14.2187042944504
100028	100	C40M18.npy	C40	M18	9	1.23048965378447	0.518081204681686	0.423006930055567	3.21814530792118	2.15054113081812	1.35293847774252	1044.26972607918	87.1450560643241	43.9845034768618
100027	100	C22M16.npy	C22	M16	9	187.1292890729	0.448213015644527	0.259766836168384	2095.78032372312	293.231545576753	2035.62043280693	340977.034543726	18177.6873983953	13090.5324149941
100034	100	C38M17.npy	C38	M17	9	1.06608363900229	0.441553410769185	0.212173925328715	4.09955099346359	1.20696639382949	4.20326357587686	151.796310461622	62.6183566377032	47.7570131321097
100031	100	C07M20.npy	C07	M20	9	1.39541714069984	0.22901476011196	0.330251083848378	3.0325230965714	1.74708453340075	7.12710038075528	35.4839142600153	70.3655806453228	32.530586289425
100030	100	C19M20.npy	C19	M20	9	1.01306073010415	0.169668521898788	0.235449838886091	2.34084794475908	1.31409338744091	5.49885273756867	11.8124898082956	32.844288159842	31.317894441317
100025	100	C39M29.npy	C39	M29	9	0.30614143033598	0.178416278432409	0.271950282238376	0.299260306912163	0.322208360959922	0.268188661088242	2705.36293177639	8.43610439418541	3.58276092414272
100032	100	C19M29.npy	C19	M29	9	0.250748228854767	0.201166391159118	0.265094343657622	0.283881688882363	0.259626078627278	0.243024853597513	409.128414494216	5.81679338420009	3.42272317009449
100029	100	C39M20.npy	C39	M20	9	1.05054723198226	0.202628192540486	0.270295929064911	2.56904825192041	1.34105738786757	5.68156737755314	28.7958517819358	39.8076491467899	30.6057351116489
100040	100	C12M02.npy	C12	M02	0	382.674321842001	0.687949053650499	0.46519495900531	6531.43070103845	479.001110761924	3040.62407171832	1556516.97862892	36065.6416490463	36262.5575721243
100041	100	C38M18.npy	C38	M18	0	1.89442850031531	0.53070279971627	0.392430780119345	7.17409412390536	3.40495890788996	2.88803184111859	282.294994358009	134.861297475105	46.1146178032821
100047	100	C40M20.npy	C40	M20	0	6.49213776930785	0.290589274542411	0.370525603433772	22.3787478123352	8.46885172450378	49.4034207066594	14074.5267887093	569.238585439107	169.254572704001
100050	100	C39M16.npy	C39	M16	0	173.038174595052	0.294672146465279	0.268428759260334	958.847937866559	236.201766648565	883.33789641239	255871.1896774	16790.2090459931	7056.36294990589
100043	100	C06M18.npy	C06	M18	0	0.533955268978456	0.60274490855173	0.364433984499964	0.725173294231529	0.881225992279075	0.533201107695483	9.76531748125638	22.1577896555287	11.1935916150481
100048	100	C40M17.npy	C40	M17	0	0.752399340214257	0.238157224223273	0.263660349957896	2.73464582458807	0.8867524497738	1.9319833829846	486.019224390129	30.5755459703661	28.7264200325707
100046	100	C05M20.npy	C05	M20	0	2.54481050151373	0.103193688243876	0.304390251014827	27.7294299401692	1.83227289857871	13.0087054132769	122877.22718743	187.800534726767	30.5583835790004
100044	100	C05M17.npy	C05	M17	0	1.00066485985978	0.437298095078704	0.306545750587774	5.22259101649913	1.3779008405434	3.80274105556999	5449.84677046972	61.6409395998518	51.2355184239326
100038	100	C39M18.npy	C39	M18	0	0.551914798499414	0.429815378956187	0.329347098469055	0.75735405544553	0.889995537557357	0.478746219174583	40.4366990647762	16.1974395828689	14.9549340049629
100039	100	C51M17.npy	C51	M17	0	1.47928482744104	0.238881729026463	0.25582603311433	3.37734267744659	1.34806312941929	3.55244717215647	144.32880150405	70.0444498505059	30.9259117677278
100049	100	C39M17.npy	C39	M17	0	0.551626482869963	0.108073497181838	0.260996736004245	1.89336660851654	0.63816627051808	2.10277154217521	63.108848394663	8.0194440162115	26.9695788111088
100042	100	C40M29.npy	C40	M29	0	0.260697319484719	0.2191256307001	0.301091480715509	0.264735647424535	0.245531837693714	0.477947604236417	2463.34361440601	8.03542234463857	4.67763465178225
100045	100	C31M29.npy	C31	M29	0	0.354226870598184	0.240328458927384	0.299339842977703	0.337117814646685	0.305066252330618	0.597033067877172	5142.0346514767	13.7983359151054	6.2411308574724
100040	100	C12M02.npy	C12	M02	1	395.516078507479	0.544586765583214	0.471580442789603	8199.82295463304	580.904485638648	3068.94472727975	199940235.111055	38048.8292560476	37574.6692264531
100041	100	C38M18.npy	C38	M18	1	1.88855330478681	0.533934098940329	0.408689478369564	7.21956618414419	3.43305376981485	2.89024228155637	290.796147481693	135.479278873623	46.9951037390256
100050	100	C39M16.npy	C39	M16	1	172.198072001635	0.290912246201193	0.292055189615626	1099.39835114043	240.446493538499	1028.75699458678	390772.461046841	16704.6660255419	7048.3994657165
100047	100	C40M20.npy	C40	M20	1	6.54866118920244	0.294114985912459	0.387728291303795	22.9958894661689	8.61958298935582	53.1253985777187	15746.690197368	574.116386575328	173.135756524648
100043	100	C06M18.npy	C06	M18	1	0.526119652236765	0.605105735944462	0.374663083038576	0.712645509907078	0.87584582958964	0.529873620523276	10.1557092970783	21.8345659743489	10.9979717708085
100048	100	C40M17.npy	C40	M17	1	0.738633807162175	0.241305702030393	0.285919142168696	2.70859445793461	0.848883332667267	1.97118404242373	448.416347250992	29.4062075581474	28.3254539269782
100046	100	C05M20.npy	C05	M20	1	0.922976809029745	0.202551610579765	0.322397552252706	2.40534813934803	1.21923015810129	5.22231274186395	11.2815042199349	24.4481677261309	31.2907937791054
100044	100	C05M17.npy	C05	M17	1	0.900458487893141	0.448786702653111	0.323728700367117	3.97425972967402	1.13358644503187	3.80282678534766	125.518571482436	51.3561127054345	41.7168869716913
100049	100	C39M17.npy	C39	M17	1	0.542956964491364	0.119670893850128	0.285503030265258	1.84342697240537	0.629714692127198	2.10380167735458	63.2838635977554	7.91411519834731	26.3336201401779
100038	100	C39M18.npy	C39	M18	1	0.54642827673368	0.42425262230772	0.344501469559111	0.737236500722342	0.869608957996421	0.467525706629695	499.317375495584	16.4979786629869	14.6713281418728
100039	100	C51M17.npy	C51	M17	1	1.52836991483284	0.229982747494972	0.271184834452948	3.62262331233689	1.42905855639656	3.91069743884006	156.867910020138	76.0106201531488	31.8897291334867
100045	100	C31M29.npy	C31	M29	1	0.397554783012378	0.221218596450034	0.311782330723673	0.317623857731701	0.281749215247719	0.606347425503372	36721.5910830634	19.5761380931867	5.91315384749585
100042	100	C40M29.npy	C40	M29	1	0.256279281655908	0.215671363544266	0.314427435667702	0.251198108621098	0.229427192770792	0.473532152136519	7487.64208806493	8.6175958801648	4.09061642869655
100040	100	C12M02.npy	C12	M02	2	443.377959026995	0.54253901002311	0.470251107807556	8913.13219596748	646.541419742511	3110.32302430208	186597528.885656	42033.6620556628	42416.4823708844
100041	100	C38M18.npy	C38	M18	2	1.86195631909222	0.531548707913367	0.407268244001395	6.98522817360835	3.34816877456386	2.82224598910922	274.266787782984	131.831960308268	44.9670399165717
100050	100	C39M16.npy	C39	M16	2	187.004026088702	0.298353127980619	0.283443227435498	1151.90817552217	253.695189550375	1024.9111736024	387999.901862982	18182.296029543	7768.12383147574
100047	100	C40M20.npy	C40	M20	2	6.84418026553307	0.29491434081883	0.383837206279051	22.5817038829553	8.91946199495761	53.2070758459442	13694.5508347182	599.410581477562	176.755731510623
100048	100	C40M17.npy	C40	M17	2	0.778272892775278	0.244469758928968	0.281426835978482	2.73992486195232	0.915253805611149	2.01220850871655	478.881150033287	31.1303116043968	29.52515550259
100043	100	C06M18.npy	C06	M18	2	0.54937243069316	0.608233175616211	0.376220964650167	0.717710383178894	0.91242120939987	0.538566037085422	10.2985485522323	22.6121821837664	11.4453883487992
100046	100	C05M20.npy	C05	M20	2	2.57538490115567	0.105098424326734	0.317726960149007	27.1905658073241	1.88123054870206	13.221044374523	118779.005824197	187.994603504101	32.6977467876376
100049	100	C39M17.npy	C39	M17	2	0.573752396701241	0.119221110937335	0.280582866416891	1.92690916380925	0.663994412126966	2.17430953402318	62.5153907043959	8.25799117825009	28.200213992212
100044	100	C05M17.npy	C05	M17	2	1.01831087332662	0.432246987939822	0.319175484275843	5.29081799173863	1.40773193765278	3.7823023250878	5364.2152810883	62.2055651113184	52.4548004483542
100039	100	C51M17.npy	C51	M17	2	1.59723788720159	0.234772839373449	0.268444524108983	3.71016699864615	1.49759954743516	4.01013520937693	155.101469380172	78.7823896578507	33.600409045748
100038	100	C39M18.npy	C39	M18	2	0.580010386247423	0.432816173456337	0.344327061961267	0.751449005292551	0.927301490275671	0.480391906661112	482.886710604377	17.6678632643397	15.4995727528421
100045	100	C31M29.npy	C31	M29	2	0.411698198224738	0.226800665516556	0.309745710908074	0.335601962598082	0.303124719619288	0.601487062033419	35244.0004321621	19.8980480334725	6.51717301937898
100042	100	C40M29.npy	C40	M29	2	0.266953465664798	0.222240296862884	0.31282009243612	0.261294621552555	0.244973115651969	0.474709443022297	7180.49880468253	8.63016724803215	4.68056479133634
100040	100	C12M02.npy	C12	M02	3	463.16494250518	0.547848234856133	0.472174599859265	8883.82320234177	657.788378370699	3131.99283435805	180157734.907969	43991.0538145559	44104.7523387599
100050	100	C39M16.npy	C39	M16	3	187.348728901935	0.298975668956534	0.285884009566624	1143.92087272756	251.678940863485	1053.56787246052	379816.225576244	18180.4691941486	7770.96455638293
100041	100	C38M18.npy	C38	M18	3	1.97611917921263	0.533657608098201	0.414028281873288	7.0038721636304	3.49761646944771	2.86734166980604	277.398515708162	139.687449244441	46.396668751375
100047	100	C40M20.npy	C40	M20	3	6.80258741973985	0.298553098639981	0.38653471325614	22.1791508569879	8.71010513779717	51.4402297792844	13486.5098969777	591.080040540405	175.450010264887
100043	100	C06M18.npy	C06	M18	3	0.563692516455052	0.611325884411388	0.381826262609392	0.738240044425463	0.920199942591228	0.544538090856977	10.3381559155653	22.9756054720537	11.6252972534568
100048	100	C40M17.npy	C40	M17	3	0.762102455434746	0.245367151457551	0.283185275218878	2.66123944086745	0.893218203395638	1.90905815214464	482.757701056955	30.0314462639689	28.9638671315022
100046	100	C05M20.npy	C05	M20	3	2.59728968461084	0.107245434646871	0.321233526506572	26.5941421063807	1.87997548749723	13.1323571707011	118344.105580373	188.158302504534	33.8633503655461
100049	100	C39M17.npy	C39	M17	3	0.570713951803949	0.120032876648322	0.28306167722507	1.89394901684879	0.657338092020381	2.06926513045959	62.882820156858	8.21772498151038	27.855376973862
100038	100	C39M18.npy	C39	M18	3	0.589757936541537	0.4344196733889	0.348800494460367	0.766231288393974	0.928847130300131	0.485023803490129	470.638085425703	17.5934133779912	15.9349764100014
100044	100	C05M17.npy	C05	M17	3	1.00729139916222	0.429685120702419	0.320086340526074	5.17505932731413	1.37319892384766	3.55758516839708	5424.26237724295	61.3779853801946	51.5546125448092
100039	100	C51M17.npy	C51	M17	3	1.51468108943169	0.230763892045309	0.266185728449309	3.57620234505221	1.4215606361447	3.75701835383749	151.071381267495	71.9522981177071	32.3079089515352
100042	100	C40M29.npy	C40	M29	3	0.267368380747129	0.222316302654268	0.313658349761413	0.261102852054507	0.245091379580767	0.465477442763999	7232.47781401784	8.70721727899208	4.63095915215196
100045	100	C31M29.npy	C31	M29	3	0.413019832489988	0.228447419761779	0.312284654257694	0.338323818016893	0.302042037836224	0.59473898533036	35469.2642516136	19.9256343879835	6.47927952363971
100040	100	C12M02.npy	C12	M02	4	448.811343884939	0.541315783775662	0.473611563153498	9027.98288557537	646.837319021346	2974.07289719879	184555460.434969	42688.1683681351	42759.0741551092
100050	100	C39M16.npy	C39	M16	4	174.224237482609	0.301727072467588	0.292420343092585	1104.0189857064	226.824675015784	1066.89656433122	313307.703554986	16909.5087225745	7018.33238980005
100041	100	C38M18.npy	C38	M18	4	1.82663729550549	0.530297591593225	0.415162820780556	6.96876654284749	3.30431851287198	2.82085101057447	290.848713369997	128.943047685523	44.0252235330134
100047	100	C40M20.npy	C40	M20	4	5.48600803494305	0.312619639477762	0.390519095796623	9.44417372761324	6.87322558888326	47.3679335628744	1705.73776256949	466.518202621054	135.604968175486
100043	100	C06M18.npy	C06	M18	4	0.541078220955075	0.608027565132963	0.380360322789576	0.729191483353081	0.900555831024099	0.534721450411038	10.1978022317246	22.2513913262931	11.3210491445827
100048	100	C40M17.npy	C40	M17	4	0.630082760783494	0.261433275999123	0.289068048618198	1.72874855487887	0.735731585991206	1.9004448202165	81.3809229731021	18.404059165093	21.7925497790668
100046	100	C05M20.npy	C05	M20	4	2.5750175690748	0.104516452715032	0.325369245983661	27.4922101333845	1.87507872191016	13.4208938668766	132671.863696716	188.219894653448	32.8652991180485
100049	100	C39M17.npy	C39	M17	4	0.5536109647063	0.121236291547566	0.288395184160823	1.83984415147276	0.638884248625194	2.12412782322976	63.3225843169306	8.08785534040524	26.9109225693874
100038	100	C39M18.npy	C39	M18	4	0.566192865244095	0.431608157198932	0.350237013163962	0.738194539680475	0.900068296512391	0.46983717088501	521.15007019022	16.8746014136476	15.1487787927607
100044	100	C05M17.npy	C05	M17	4	0.973798653691968	0.430072321737679	0.325073415287312	5.16155814986819	1.34749322961723	3.67250557786048	5630.05659622612	59.4129153917397	50.1916412596234
100039	100	C51M17.npy	C51	M17	4	1.54891184121626	0.233210697285725	0.272497262529213	3.63188760874378	1.45107904616933	3.93566793293445	159.310474537439	76.5465617250972	32.1131919125267
100042	100	C40M29.npy	C40	M29	4	0.260130540197795	0.218702240437889	0.318443567822224	0.253935404626612	0.236296684112889	0.473588747468897	7384.31773651316	8.50943018131463	4.52165736393049
100045	100	C31M29.npy	C31	M29	4	0.403763295163869	0.222591729175197	0.314194154869627	0.330280129896072	0.292672115045092	0.604936978199184	36215.1025446568	19.6640871011633	6.42149790730126
100040	100	C12M02.npy	C12	M02	5	449.248571625632	0.543204213682832	0.472094203933463	9008.76776707245	653.413504682751	3267.22083395031	184338296.870401	42633.4620722091	42859.8223608461
100050	100	C39M16.npy	C39	M16	5	181.970636769285	0.298524117611326	0.292756930881704	1147.21210130795	251.474462115261	1056.78163186892	394284.286505304	17676.7886788299	7691.12853622899
100041	100	C38M18.npy	C38	M18	5	1.92947411006819	0.532457668222282	0.416533312337238	7.08681009102803	3.47215072299861	2.86967830861362	277.216173765956	136.894977920956	46.0696903872228
100047	100	C40M20.npy	C40	M20	5	6.6873453136349	0.294302124943556	0.390340552171291	22.6412379738873	8.72820887794902	54.4020857235564	13904.7117630661	586.655076660763	174.751753769764
100043	100	C06M18.npy	C06	M18	5	0.550799982360641	0.609965098249154	0.382363990117993	0.733375379229015	0.912846043539201	0.538066560795919	10.2502462242579	22.7259594145031	11.5061968997377
100048	100	C40M17.npy	C40	M17	5	0.752568021543134	0.242255736958557	0.290344370205673	2.682665077142	0.895150554828718	1.95396076489161	486.638151195845	30.5592222936396	28.7064639210882
100046	100	C05M20.npy	C05	M20	5	2.57365528470796	0.104976421078001	0.325231551066959	27.1566723478035	1.87416228079723	13.5468788065996	120788.849426541	188.162215669863	32.6757849591874
100038	100	C39M18.npy	C39	M18	5	0.580752015812701	0.434828889079096	0.353124874569032	0.763974405520754	0.925241630282169	0.486115754838809	480.960141934109	17.6228506096126	15.559207321406
100049	100	C39M17.npy	C39	M17	5	0.552772705960113	0.122526356246339	0.290746707779252	1.85685242914302	0.648572532030008	2.09470625502118	62.1474400961689	8.22501479409283	26.6795259771154
100044	100	C05M17.npy	C05	M17	5	0.995563905834206	0.425506240219134	0.325367213959291	5.21489037328829	1.37781605079756	3.6570411707798	5461.35107667338	61.0339763028881	51.2000985873555
100039	100	C51M17.npy	C51	M17	5	1.54451333388385	0.222437908253201	0.275485365154025	3.55927804246554	1.44718707776834	3.88959173842433	149.4381187236	75.104098055078	30.5865532358422
100042	100	C40M29.npy	C40	M29	5	0.263070715606927	0.221298463406682	0.319244767618622	0.262362718846402	0.244601845238979	0.479325198372274	7284.66140214731	8.66606888144828	4.64678547723446
100045	100	C31M29.npy	C31	M29	5	0.408939401553602	0.228960978379706	0.317727963418011	0.338507884111855	0.303002317205612	0.611352573353184	35732.4960321377	19.8414082008246	6.4720464002483
100040	100	C12M02.npy	C12	M02	6	449.722175084386	0.544338333151588	0.473847412954063	8873.76401751122	658.868911403881	3157.79087280374	183894489.452264	42686.6790819533	42849.2811173319
100050	100	C39M16.npy	C39	M16	6	182.005865252277	0.300069395503089	0.291827772538145	1138.98511343895	245.139484244279	1007.41664047128	379648.687678967	17663.0364065925	7471.33318505723
100041	100	C38M18.npy	C38	M18	6	1.94065678959503	0.533322501620967	0.415183897231458	7.26168241759621	3.51137230131877	2.93708901475263	279.94991158174	137.660492357388	46.5945336667959
100047	100	C40M20.npy	C40	M20	6	6.6510399967053	0.295462149518288	0.390414741465623	22.459906896486	8.69874527046559	52.4227813961277	13754.6376798686	581.37825739452	174.125945606951
100043	100	C06M18.npy	C06	M18	6	0.551684478095933	0.610350288901705	0.382081221455149	0.747421439321067	0.92046733548535	0.544502161327746	10.2298046349364	22.724120849268	11.4830886359443
100048	100	C40M17.npy	C40	M17	6	0.74960994190897	0.242252081542214	0.286713990093761	2.63161792291165	0.885677740561211	1.93797292143589	484.410982020883	30.3364318797268	28.7866189255394
100046	100	C05M20.npy	C05	M20	6	2.57185787156919	0.105245642477122	0.324038180957086	27.2279327191303	1.87829398296334	13.3293178130586	120034.251533488	187.699132437031	32.8417771802581
100038	100	C39M18.npy	C39	M18	6	0.580186249118654	0.434329226922331	0.351754609213052	0.776322407041783	0.93147690809539	0.486855803010016	478.616153745601	17.5982780867135	15.5559091149278
100039	100	C51M17.npy	C51	M17	6	1.58713915961722	0.232096364063826	0.274563103217703	3.6856840816059	1.47839476376118	3.94873593641416	155.217183212017	78.5645680978577	32.5332883828506
100049	100	C39M17.npy	C39	M17	6	0.551740138443767	0.12120038067913	0.286736124091628	1.8249023449178	0.63917649402093	2.07576054631201	62.2679181186817	8.10321704246063	26.8970589696489
100044	100	C05M17.npy	C05	M17	6	0.981692112111879	0.425620229473657	0.323404532313492	5.18109766430597	1.35157641493346	3.57239044211615	5430.02330860033	59.9891664731884	50.5806831093823
100042	100	C40M29.npy	C40	M29	6	0.261490327381692	0.217087352024895	0.31521444910685	0.260339281292889	0.241666480588228	0.470498333362482	7328.80516015163	8.62640268433292	4.59810678689682
100045	100	C31M29.npy	C31	M29	6	0.404333494049788	0.224333441197709	0.313812823738884	0.332943851346972	0.297141304116616	0.601938780199662	35942.5355055474	19.6547982998028	6.41252914392367
100040	100	C12M02.npy	C12	M02	7	448.385014049635	0.542327923088064	0.464414171561465	9157.71355834528	648.144913147299	3244.10234238997	184002239.75743	42545.9715978155	42779.7318271437
100050	100	C39M16.npy	C39	M16	7	175.082622450246	0.30509437581438	0.264584181608753	1126.19942125976	239.4054770956	1029.77207709569	366199.999415152	17048.5460979348	7256.31804238556
100041	100	C38M18.npy	C38	M18	7	1.63161549362355	0.53627421744072	0.389708175580492	3.81767212135441	2.88768720150879	1.67650675584593	126.070913865306	110.431825108277	34.8524150411382
100047	100	C40M20.npy	C40	M20	7	6.66016315300733	0.292260212958294	0.367249845344199	22.5872595909866	8.57171310127134	53.2436627841504	14042.7301743289	582.735623816581	172.554702815945
100043	100	C06M18.npy	C06	M18	7	0.541143915684148	0.60644612356533	0.36374643956233	0.718319720337364	0.88815709089707	0.531702133400579	10.0929540864333	22.1949989140028	11.3267689610672
100048	100	C40M17.npy	C40	M17	7	0.761903085986111	0.234358763260017	0.258031560857371	2.72345237733684	0.891459577038871	1.94349392941853	500.478827148715	30.7550257155649	28.700907573974
100046	100	C05M20.npy	C05	M20	7	2.56734434187937	0.101090747932085	0.297307500276357	27.465101746562	1.84709630668702	13.3477584761487	122184.714276304	187.674735002321	32.3458533498361
100038	100	C39M18.npy	C39	M18	7	0.56808734011551	0.425047493368576	0.326269871085709	0.712415927499009	0.893844959984095	0.459856855605285	505.515995495641	17.0514526743687	15.2770180701491
100039	100	C51M17.npy	C51	M17	7	1.53479844789947	0.232321161743333	0.248575428345055	3.68461397394173	1.41550436929476	3.84262996130474	157.183164077586	76.6016290056628	32.0053827202055
100049	100	C39M17.npy	C39	M17	7	0.548734055812523	0.109521678956289	0.256725863082644	1.87461533915962	0.634010066418639	2.06570529072278	61.9202741035609	7.91552839180049	26.7531791303827
100044	100	C05M17.npy	C05	M17	7	0.966793855072679	0.426516461589339	0.298194471102755	5.13900159300205	1.32991565398719	3.63794956963354	5609.93199463749	58.5556037645085	48.6505412233714
100042	100	C40M29.npy	C40	M29	7	0.269411179070799	0.215785157272924	0.295944034375507	0.254922961713649	0.245753449142189	0.476403955816982	7165.27172338691	8.8097020424047	4.59598624531275
100045	100	C31M29.npy	C31	M29	7	0.413468040609212	0.221651953421519	0.294711796789601	0.332590520681564	0.302471519711999	0.606741721781706	35139.9684508517	19.8537271624845	6.42396447419193
100040	100	C12M02.npy	C12	M02	8	451.685096369465	0.543740829190695	0.469634625157321	9028.53080105505	645.746738708878	3124.24754285179	182233244.247124	42890.4773079937	42993.0335047842
100050	100	C39M16.npy	C39	M16	8	187.33740571111	0.295812194577124	0.2850356534185	1149.06080920585	251.366507569467	1018.13370095837	393936.886942825	18191.556886872	7654.32760832345
100041	100	C38M18.npy	C38	M18	8	1.97173875798621	0.5311170214959	0.4079325171334	6.92334698434423	3.49914662585682	2.88045997877597	270.245813894989	138.631184840115	45.7296935122484
100047	100	C40M20.npy	C40	M20	8	6.67176424436805	0.293724613368538	0.384406310919318	22.2090017018317	8.59741929063591	48.900653521694	13267.8466981157	578.45102183582	161.592552921878
100043	100	C06M18.npy	C06	M18	8	0.561027819398562	0.608285855250378	0.38266035059623	0.736570582312277	0.920741283038672	0.54125903074861	10.0586385803175	23.1151380526999	11.4890971264998
100048	100	C40M17.npy	C40	M17	8	0.780241833566645	0.241058829859282	0.28863075531607	2.75242261052718	0.903086792348253	1.95229247336737	479.102232975765	30.7144995681017	29.3538473651811
100046	100	C05M20.npy	C05	M20	8	2.59336501736289	0.104747370858908	0.31299665456906	27.3820579997412	1.87720662138727	12.9582802362182	118815.762887933	187.921756469681	32.7081922817297
100038	100	C39M18.npy	C39	M18	8	0.588355774921519	0.432647306885016	0.34687839199605	0.772731114449643	0.925632887334343	0.486770883959212	469.634325980987	17.7681083832371	15.4948157845979
100039	100	C51M17.npy	C51	M17	8	1.47981818518142	0.240765737323748	0.267742783423779	3.63449250798543	1.38891107716553	3.79897455970906	154.472146167379	76.5528774743986	33.4009006018181
100040	100	C12M02.npy	C12	M02	9	410.647534604544	0.546947863420176	0.465564320380011	8498.06918890248	606.286287500002	2892.38618299139	195447549.551599	39412.8239359869	39097.3914651294
100049	100	C39M17.npy	C39	M17	8	0.574537289363051	0.118261098375112	0.286011005556305	1.9370062489464	0.656787194210491	2.11479896198812	63.1388392991941	8.29869705643295	28.2238290665809
100044	100	C05M17.npy	C05	M17	8	1.04273026467063	0.433819815027011	0.324134573914448	5.49418325981968	1.40961461759834	3.8102512528561	5371.50651866585	63.7884432842409	52.9922075260704
100045	100	C31M29.npy	C31	M29	8	0.413904810221937	0.226684619875318	0.31324966666765	0.34417266514359	0.305599732254662	0.5959165830394	34575.5855106463	19.8202215060742	6.49765290598004
100042	100	C40M29.npy	C40	M29	8	0.272426418593209	0.220627922041095	0.317519579748521	0.270343409349878	0.250177043249657	0.469579715830875	7050.22827913083	8.85156452163802	4.68152780176731
100050	100	C39M16.npy	C39	M16	9	180.591370002157	0.296388841834015	0.273120659586054	1059.19470606356	242.565986252871	1026.8816474917	384214.955064159	17544.5323590949	7398.82270597667
100041	100	C38M18.npy	C38	M18	9	1.84236052318422	0.530559458797823	0.394320781849479	7.04577472191432	3.32472563166613	2.74348783461394	265.67957537845	131.105198025295	46.0886021288413
100047	100	C40M20.npy	C40	M20	9	6.32010870570245	0.288764404490803	0.372892647384898	22.4224726497738	8.23551792019799	48.9456487568274	14052.606805387	552.683855150061	161.052653809122
100043	100	C06M18.npy	C06	M18	9	0.535195024334725	0.60298111459927	0.36538835148978	0.696659680693113	0.885047946697537	0.529783185880976	9.68934151585659	22.3887959521259	11.1468922096746
100048	100	C40M17.npy	C40	M17	9	0.746660705452651	0.227945450388996	0.266791624792581	2.74337576754836	0.878017785483273	1.9163366786121	477.728627450031	29.8738888446347	28.3789584510378
100046	100	C05M20.npy	C05	M20	9	2.5519849916986	0.101156946172495	0.307289236364207	28.1874505154434	1.83361329899835	13.1965939305719	124057.268312283	188.155133889557	30.4240013219898
100038	100	C39M18.npy	C39	M18	9	0.553642074928366	0.431833821847104	0.334216005989992	0.709674512349837	0.883659913645308	0.464139123837978	472.242183522503	16.641856781827	14.5047924697451
100039	100	C51M17.npy	C51	M17	9	1.49820612305196	0.235597123860857	0.261119663266194	3.66391471638618	1.38742924140037	3.78606659187451	64.5129362275248	73.8415991727972	31.5320852392303
100049	100	C39M17.npy	C39	M17	9	0.546754691022732	0.113496937121884	0.267560471151487	1.87271166896825	0.631925566903492	2.07194156411427	24.6519325140566	7.94708365972889	26.3683901562669
100045	100	C31M29.npy	C31	M29	9	0.361046516405938	0.237536336090173	0.300053234216814	0.338328192302271	0.3007652338579	0.288393291099277	31713.5161545737	15.0552846596748	3.79577057860191
100044	100	C05M17.npy	C05	M17	9	0.975335112480683	0.421862664583888	0.30661280787147	5.26715273524758	1.33231549653066	3.56621586055222	5503.35387828989	58.9449238957326	49.2095148562339
100042	100	C40M29.npy	C40	M29	9	0.239169018833181	0.225924081155191	0.301303122593793	0.261472104766258	0.243522774628303	0.232553830018159	5020.03232443514	6.21260104948506	3.28327674390011
