4	0	C06M16.npy	C06	M16	0	113.452154225465	0.549252904848022	0.186958805008632	776.100662364974	169.103572134598	1493.15078635091	108928.32862912	11286.8890669421	9333.44703588076
6	0	C06M17.npy	C06	M17	0	0.566894180883577	0.389468236552357	0.271245874625586	1.63753622526865	0.617465059130952	2.04733525037805	22.4379429538358	21.8237048469349	21.0152077705252
1	0	C19M16.npy	C19	M16	0	9.82718900526504	0.271684554069903	0.197327187297777	160.768474577939	12.5242767220766	30.4217505235251	38777.693160259	948.448955727017	815.614254296789
2	0	C38M01.npy	C38	M01	0	80.4261828724382	0.507089887404839	0.48538527574621	602.797049732105	103.905651046419	1138.04245498055	55732.2824738998	7858.13703557003	6506.70285632522
7	0	C31M01.npy	C31	M01	0	26.7203848834307	0.414650338206464	0.435411336264989	167.680692245078	32.6483412303779	244.824805872545	24413.1391706329	2617.12008322876	1558.19279342923
5	0	C40M22.npy	C40	M22	0	3924.69973637029	0.579125802172939	0.173912120712993	41832.556725433	7447.7869651567	10529.6595175618	113909743.841549	392460.135221576	391113.331477736
3	0	C51M16.npy	C51	M16	0	66.2107233810315	0.532619830472452	0.20150806835844	763.339334832555	104.256803220045	314.96833250944	73669.9104939874	6583.04651049159	5532.43619298788
0	0	C19M22.npy	C19	M22	0	837.695148285003	0.749520907363321	0.149601702899012	10124.8399607784	1569.99049981257	2315.55720163855	459107.637567734	83739.4149049456	83037.0285792746
8	0	C07M29.npy	C07	M29	0	0.355344814905121	0.15001818651396	0.1835262617384	0.321284544874353	0.341929016584001	0.286843624681097	410.995457433527	13.5892620173754	1.68629156935125
4	0	C06M16.npy	C06	M16	1	115.68949149463	0.546712611127965	0.177763673187126	882.261634900272	172.159502131246	1636.9029436812	472710.971809092	11509.0869897714	9548.79761265618
6	0	C06M17.npy	C06	M17	1	0.606912213092455	0.386623821586719	0.274292730684704	1.73096304833255	0.668671044674743	2.15001358645958	25.2356547214504	22.4987405898377	24.2472731167236
1	0	C19M16.npy	C19	M16	1	11.5243560202486	0.252663221636636	0.220238910239392	221.565718332988	14.702275952847	72.8302474397371	128739.898467153	1117.40930063675	976.873045438668
2	0	C38M01.npy	C38	M01	1	84.9200956218729	0.454482350077002	0.498066826846781	824.919461772171	122.448235158848	1160.39339039315	132081.206540298	8227.09007829474	6877.96318628068
7	0	C31M01.npy	C31	M01	1	30.6383706542561	0.44707617867369	0.406048790487602	250.401744258526	42.353590852362	257.440470248826	125790.237252545	3008.86261297391	1932.29552495386
5	0	C40M22.npy	C40	M22	1	3916.16216930949	0.582577833595438	0.169957505997681	41565.0826097416	7529.10971970012	10273.4044491211	114463509.406973	391609.161200626	390289.494978598
3	0	C51M16.npy	C51	M16	1	72.5159673610888	0.509956838013544	0.208851335212957	840.12706122795	113.817779159151	494.268829041485	231219.204940224	7212.26534169359	6024.26124696622
0	0	C19M22.npy	C19	M22	1	836.022484792213	0.747305468870327	0.158811322910923	10167.7599872317	1575.16584278595	2285.79529223672	462697.690954743	83414.8309690805	82885.0590707042
8	0	C07M29.npy	C07	M29	1	0.334861386843777	0.148175275888214	0.183440222027471	0.297957662952263	0.320587298046927	0.272415927811539	437.070401392312	12.9024753369801	1.62669317092792
4	0	C06M16.npy	C06	M16	2	119.35882616569	0.540146292241065	0.174182501328504	906.945731940211	175.430140985679	1625.6516241905	455097.608534993	11873.3552014068	9800.12386457244
2	0	C38M01.npy	C38	M01	2	83.7673379471879	0.449777577332111	0.494820986653206	801.173032347117	119.689213146683	1081.39776138024	128020.696281417	8144.50135895477	6788.24365265406
6	0	C06M17.npy	C06	M17	2	0.604759716961472	0.393649616693711	0.276674089578569	1.68199603306548	0.655980454351129	2.07553207938919	24.1215435769242	22.4880173927672	23.2688273779784
7	0	C31M01.npy	C31	M01	2	31.3891080511068	0.442303924708549	0.404287443491068	249.894362296646	43.0261531849421	250.476819785042	124551.416224366	3081.40614363924	1971.11752753936
5	0	C40M22.npy	C40	M22	2	4117.21318537135	0.613519208180945	0.175951605997613	42659.328380408	7856.602893721	10562.2589389794	110566058.005097	411713.849642532	410197.773488379
1	0	C19M16.npy	C19	M16	2	12.0924570897164	0.257473850413428	0.214866386437214	226.941337030866	15.687263366356	69.1135097290308	123489.086847119	1175.55634468702	1028.56792611064
3	0	C51M16.npy	C51	M16	2	78.4542309776891	0.524410895550168	0.208402707854913	903.818200108466	122.739301957039	489.376472206313	229923.233278593	7803.92406004266	6538.45780254909
0	0	C19M22.npy	C19	M22	2	875.289152122286	0.745503781413335	0.150521124779311	10358.8834997498	1645.91129469615	2261.39555696667	458444.488639961	87497.8112593298	86715.878785186
8	0	C07M29.npy	C07	M29	2	0.3463494796204	0.15772585059924	0.19892463005102	0.314470440512601	0.333357829329697	0.280109341536107	420.007283633847	13.4505683234459	1.71912647702242
2	0	C38M01.npy	C38	M01	3	88.4745004331276	0.461372316859981	0.49308252068324	815.95080820525	123.873752341303	1127.40207197493	126731.787103046	8577.96200022281	7107.5296327566
4	0	C06M16.npy	C06	M16	3	122.823314699623	0.549302513291161	0.176161132670841	905.535890130371	178.939858834373	1612.63869486341	447924.139517881	12216.2532934409	10093.1685914009
7	0	C31M01.npy	C31	M01	3	31.8216902048819	0.456752778162405	0.40388240363319	244.518832368578	42.9957100422883	256.046062716766	119491.546039165	3122.24093058185	1980.63605746797
6	0	C06M17.npy	C06	M17	3	0.604524835382806	0.39378567874444	0.275525683225928	1.64627828703513	0.660280662033547	1.50042868421349	22.3491352976184	22.0430287423869	22.6213033607987
5	0	C40M22.npy	C40	M22	3	4018.49579822033	0.600417293944301	0.164675404630236	39452.4577901708	7503.2636199939	9879.52420491906	112096191.988926	401806.925827492	400280.746508261
1	0	C19M16.npy	C19	M16	3	12.2731398122238	0.26309161635624	0.217186308530973	222.040997409779	15.560317158654	68.3879916171854	120855.06444583	1193.61038975448	1042.92188225805
3	0	C51M16.npy	C51	M16	3	77.4839920369891	0.523238455192781	0.209215744644477	851.768385198562	119.417752081169	477.742457210027	223589.054405126	7703.30174105268	6400.36115109359
0	0	C19M22.npy	C19	M22	3	909.532557638121	0.748886727452012	0.152210419047828	10371.5329050581	1680.74507177249	2262.08341673969	458952.840129437	90920.4531537427	90043.9134265089
8	0	C07M29.npy	C07	M29	3	0.34334066754422	0.158396494297881	0.19071009460558	0.30941159187102	0.330191263030347	0.278112810396755	422.082258853578	13.2869078034922	1.71726069306042
2	0	C38M01.npy	C38	M01	4	81.4290570833453	0.465567465313303	0.496284341390934	791.736058841271	116.046900229564	1116.05847812189	126892.739172832	7875.00201874081	6579.89346358816
4	0	C06M16.npy	C06	M16	4	117.412306559039	0.551354613887323	0.181844572273348	905.213191577172	175.146635341794	1612.99913716824	467351.289797468	11681.7528180951	9690.89331575444
7	0	C31M01.npy	C31	M01	4	30.261566040148	0.458907633900715	0.397186324011022	244.452628574503	41.5977884332961	245.343149871661	117342.812118802	2970.90496085803	1890.27380008714
5	0	C40M22.npy	C40	M22	4	2775.58893415893	0.657129741824715	0.169636475253493	30799.8117143287	5103.01758454572	7305.82026721332	5623491.21194107	277551.389367946	276066.774810587
6	0	C06M17.npy	C06	M17	4	0.567726854402222	0.393095652170466	0.275749038358193	1.57446834388375	0.62660533472382	2.05918694777412	21.2149989249443	21.5169896301229	20.3209397976296
1	0	C19M16.npy	C19	M16	4	11.4752015924272	0.271786699855973	0.21861019299963	214.737737232255	15.1137681232802	68.7711536582309	124996.786639589	1114.2253678515	973.24927088136
3	0	C51M16.npy	C51	M16	4	77.3855879180868	0.519465743853609	0.212642058725039	882.894687137717	120.758964633974	502.669511838696	233504.847647657	7697.13415837728	6455.39066211032
0	0	C19M22.npy	C19	M22	4	875.935604253964	0.7507369967679	0.156297732577506	10406.7105203369	1655.0631341495	2339.9389052308	396740.760310212	87564.695443665	86802.863939519
8	0	C07M29.npy	C07	M29	4	0.335654144745862	0.156659121314745	0.188110060169088	0.303125998267339	0.324480008379143	0.273337635078295	431.449450089455	13.0505264416309	1.65102846321764
2	0	C38M01.npy	C38	M01	5	85.5487642991063	0.465458558806622	0.495404449400107	825.670560415033	122.04989983044	1122.13007093757	129179.369512322	8281.39375703358	6930.87923245381
7	0	C31M01.npy	C31	M01	5	30.9890820625365	0.44822117430857	0.403315994875976	249.70771204883	42.4824628871227	252.919291717456	123270.518942282	3041.72765279012	1952.22299047489
4	0	C06M16.npy	C06	M16	5	116.474018330416	0.550855235534098	0.180733405206228	896.637067123201	172.577727712457	1610.53574335869	468647.042777052	11586.906739487	9570.16860067262
5	0	C40M22.npy	C40	M22	5	4001.78777704376	0.591330858507777	0.172430223415984	41359.3078089156	7622.26866815919	10401.7363588318	113207798.439981	400171.22877719	398690.815468434
6	0	C06M17.npy	C06	M17	5	0.597202251606086	0.383770574567684	0.276815669398013	1.69002940683806	0.66147539886576	2.16308782108101	24.214836535667	22.1240705981979	23.3302218012016
3	0	C51M16.npy	C51	M16	5	74.2798279480538	0.523957868513747	0.216860222466585	846.901987288265	115.814589713191	505.644697918247	234194.39766973	7386.33635672218	6150.97429826794
1	0	C19M16.npy	C19	M16	5	11.8037959618502	0.259153979206302	0.222857057812595	222.380033160605	15.221347676163	69.3652844365736	126735.185657681	1145.76726290205	1006.9884402728
0	0	C19M22.npy	C19	M22	5	888.175110504519	0.761514085705692	0.163622849773024	10483.5821624292	1669.6203152282	2421.39240778538	468083.880822179	88774.8131781206	88014.4293856988
8	0	C07M29.npy	C07	M29	5	0.339411201872208	0.154456001922119	0.192688852878325	0.309081339199575	0.330097815017398	0.276004758774411	425.726220483333	13.1240856623474	1.69408612164015
2	0	C38M01.npy	C38	M01	6	85.7606829616378	0.46461669610498	0.489605056798764	817.892681712342	122.978103696996	1079.98894093387	128281.267291411	8299.16407717237	6954.54085652019
7	0	C31M01.npy	C31	M01	6	30.0134007657211	0.45437130889103	0.400062184561875	240.531906701718	41.7842037122263	233.284764745487	120939.69210691	2945.37451150004	1885.60759138427
4	0	C06M16.npy	C06	M16	6	118.76552822793	0.545942456840837	0.188545786664295	922.267670732845	176.272045180535	1607.15259784529	457197.016758763	11815.3995863418	9800.81725629867
5	0	C40M22.npy	C40	M22	6	4005.98390058056	0.584297019114632	0.169460403662396	41866.560065359	7634.69886264107	10339.9505441112	113801899.141734	400590.54853459	399110.988182673
6	0	C06M17.npy	C06	M17	6	0.603493615301272	0.38896337493521	0.28527960146363	1.60080211726141	0.6658897146846	2.15466727802536	24.9618681929091	22.285191538376	23.8518756256196
3	0	C51M16.npy	C51	M16	6	78.5713511910277	0.524379693594318	0.220414223585814	893.572624558676	123.670671102223	473.337624068124	230874.150288529	7814.24811469693	6535.73136946033
1	0	C19M16.npy	C19	M16	6	11.9481564034413	0.259669396189816	0.225916881887158	223.91077231061	15.2441474010345	70.959185743546	121880.902876582	1159.90509939954	1010.29565331001
0	0	C19M22.npy	C19	M22	6	884.26000774387	0.750237662672256	0.158244529191215	10508.7785316537	1662.04203940842	2341.91290678675	468348.448504369	88394.2612544547	87660.7760428518
8	0	C07M29.npy	C07	M29	6	0.339540251122124	0.154053322522921	0.188760185750073	0.306078322874489	0.328923995557455	0.276313418614146	428.258871297571	13.2221611659336	1.62964412716045
2	0	C38M01.npy	C38	M01	7	72.5426067649768	0.477330511785964	0.485965442827309	761.931777536318	105.075665454487	1009.51907643	116186.222246096	7001.58015546435	5831.0399252725
7	0	C31M01.npy	C31	M01	7	31.3951736983751	0.448872526212491	0.409598818477322	253.443127572372	42.7889750166271	251.198273811077	124584.14661436	3079.89676470063	1955.69118232692
5	0	C40M22.npy	C40	M22	7	4012.53106669799	0.600289204890204	0.158312545306222	42912.0131127714	7565.6008243798	10463.5080827639	114753317.289168	401245.311443013	400002.455833225
4	0	C06M16.npy	C06	M16	7	116.565975401334	0.548909984177729	0.172101692068873	912.511611844953	172.055735862413	1582.13397961998	454429.600808375	11594.4587685888	9568.07363758885
6	0	C06M17.npy	C06	M17	7	0.603825960843411	0.382418992055881	0.261426736773258	1.74222215679484	0.658886291708215	2.16606830555956	25.4918876124912	22.556334460085	24.1152443530596
3	0	C51M16.npy	C51	M16	7	74.879203565874	0.52382454725054	0.202036974955252	882.011186247262	116.827059914081	491.114357238308	228573.458716974	7448.50995940098	6299.6026494356
1	0	C19M16.npy	C19	M16	7	9.80800407254478	0.280036417029018	0.210816376015046	182.431025661606	13.1246245096213	68.0369541107202	111850.738171529	946.499991098966	802.941873210987
0	0	C19M22.npy	C19	M22	7	820.939377249333	0.769196706698846	0.147596736863367	10055.7452973833	1519.88957033664	2255.90114014122	440235.888736105	82055.8797395853	81319.5981515485
8	0	C07M29.npy	C07	M29	7	0.349459790201563	0.151375522165481	0.174150473400646	0.306388788179625	0.33446030320695	0.275297272151931	418.54638826624	13.2600548515807	1.68012073035528
2	0	C38M01.npy	C38	M01	8	87.5920932533766	0.463105138974151	0.490560445815791	834.185723738318	122.604558266328	1110.60141001425	126131.87639489	8483.13601219087	7019.52614086037
7	0	C31M01.npy	C31	M01	8	30.1828467156118	0.456431358148702	0.40425762714692	241.710571845741	40.8650951191445	231.080847382643	119207.695212176	2958.77046116327	1874.09014355504
5	0	C40M22.npy	C40	M22	8	4032.19349183488	0.593183317598052	0.17234935204148	42806.1608001672	7525.7426958032	10221.3742302537	112427737.107575	403211.864006585	401619.124874627
4	0	C06M16.npy	C06	M16	8	121.951742564706	0.547392709083794	0.186141750886876	902.358598714128	178.352324091446	1590.72796463179	462647.999769394	12128.5910314085	9983.81623220434
6	0	C06M17.npy	C06	M17	8	0.616500895315174	0.391295044662829	0.274059465891545	1.77237978404727	0.66907287627844	2.12587577309163	25.722248854512	22.9559347505843	24.7893074347807
3	0	C51M16.npy	C51	M16	8	78.2077627616466	0.527102356109434	0.210265545166276	885.202772078445	120.420800619579	482.989372795349	231706.369938938	7778.16471337619	6484.84209460445
0	0	C19M22.npy	C19	M22	8	865.914885439189	0.751826717484492	0.1577777890982	10418.3966549711	1596.90434792813	2289.68153927646	456837.02717016	86560.3024627586	85746.8962459083
1	0	C19M16.npy	C19	M16	8	11.6587779604785	0.250247888738269	0.224992737195952	217.642252347986	15.1605001016588	65.4488589193832	125356.620089737	1131.38110241801	989.871163688398
8	0	C07M29.npy	C07	M29	8	0.353324906640155	0.147982171039507	0.186793533166983	0.319255199468784	0.338225405387707	0.280350704796828	412.045908831782	13.460095410171	1.66913691083663
2	0	C38M01.npy	C38	M01	9	83.9676265037642	0.461798942666475	0.492357397155646	837.057923243264	119.238157387992	1135.81292192147	129422.150279295	8155.47520723022	6813.90784591008
7	0	C31M01.npy	C31	M01	9	31.4215777317685	0.444990249556016	0.396295569628215	251.349008553621	43.2560092781026	260.174093945378	122441.35739157	3082.68034768176	1952.39508903246
5	0	C40M22.npy	C40	M22	9	3801.4029800769	0.603773916553785	0.158767700968529	41299.7054109021	7213.72679432987	10120.4799726532	117226954.063309	380128.598663665	378855.055364228
4	0	C06M16.npy	C06	M16	9	115.089040723545	0.544514797935289	0.178984721942997	907.707285286857	168.853593071423	1554.77139417616	462637.028850855	11447.8062623568	9462.74997337806
6	0	C06M17.npy	C06	M17	9	0.605467193264841	0.385721266676514	0.265012361567191	1.75881303425686	0.659685326600759	2.16032700780145	25.1370968131564	22.2336389409648	24.3162112767833
3	0	C51M16.npy	C51	M16	9	70.5580873454875	0.533897089174067	0.204884932095624	833.647784893552	108.933129121754	473.228561265254	228252.181064746	7019.59794778879	5888.26513200457
0	0	C19M22.npy	C19	M22	9	836.891842040384	0.741583374222532	0.145597036354714	10377.4765063195	1559.62500133726	2292.61937505348	465893.339062401	83659.1556047353	82964.044484433
1	0	C19M16.npy	C19	M16	9	11.4666547755176	0.259135550159844	0.204995877710552	224.828249585868	14.7187984609288	71.6782528552609	125231.239980972	1115.2564850403	965.111976293918
8	0	C07M29.npy	C07	M29	9	0.347134926632883	0.151362509083273	0.180708770940919	0.320050706046764	0.338995565694445	0.268390302200345	21.4269617270245	12.9518636418225	1.64721890016026
14	0	C12M01.npy	C12	M01	0	262.340243447331	0.57719723311381	0.448127783170403	3495.30557506633	341.21513950772	2956.28024217307	388248.71957963	26218.495359771	23318.2735245848
18	0	C28M18.npy	C28	M18	0	0.871653287114565	0.417625928887784	0.327369138672671	1.84866121328508	1.52348712345444	1.09676808217534	42.1291030702062	51.4413521421172	16.4210182579555
15	0	C38M22.npy	C38	M22	0	613.423560571324	0.577600769745045	0.133155018237456	6458.48825392776	1062.97748406227	2007.53358866039	319027.984161265	61244.8449467251	60357.1737073463
10	0	C38M20.npy	C38	M20	0	5.58127392643235	0.467721332305579	0.240054987259599	12.7156294940844	7.5796863914543	69.0522926011875	256.041886857469	322.412384103128	485.201107312647
17	0	C31M16.npy	C31	M16	0	1207.26854658696	0.518995578451084	0.238555235114081	12763.4839174776	1884.90557126972	8012.01861495617	4113644.44662371	120695.348697588	115380.681788795
12	0	C28M17.npy	C28	M17	0	0.374660643122234	0.165100259042531	0.209300049958769	0.770250309947202	0.396975186288096	0.775207129479249	10.3648282626609	13.4814915876643	7.93736326315712
11	0	C05M29.npy	C05	M29	0	0.423494408190592	0.115194444183753	0.19919946862651	0.840022508067747	0.395663208248965	0.524360777239546	1362.64502621446	14.7580868578847	8.4828199590694
13	0	C22M17.npy	C22	M17	0	0.455394824028328	0.213393522336937	0.223996304392854	1.04811141875847	0.494907698245629	1.22660491143498	9.17378907793877	15.4083195074809	7.9028400068962
9	0	C19M17.npy	C19	M17	0	0.536708260106599	0.124067269144194	0.220436173792098	1.14488387586305	0.576834760556946	1.15921459439775	12.4371876036973	21.9851625178984	9.62349405510644
16	0	C19M18.npy	C19	M18	0	0.671732099488758	0.466791650095694	0.306935827144227	1.83347259634293	1.11061635061693	0.529218073480576	52.7924102663989	37.8085440846505	14.7268764085683
14	0	C12M01.npy	C12	M01	1	261.0397403227	0.533919149875987	0.438306074637751	3454.73818857223	351.003197363684	3040.24277055506	538494.607770307	26088.2823814431	23150.6900795805
18	0	C28M18.npy	C28	M18	1	0.854197150242081	0.418284636374765	0.340676654046445	1.78481901138624	1.49743733705124	1.03711805971563	42.0716359147283	49.5535360146364	15.9009720908556
15	0	C38M22.npy	C38	M22	1	603.386930551463	0.576201996076413	0.134897307010764	6307.75171860029	1054.6372644183	2021.48381411207	322424.730839092	60211.3703533779	59274.189379978
10	0	C38M20.npy	C38	M20	1	5.71013932315661	0.464592685765355	0.257144921000249	12.9153121655046	7.91615587070621	76.458613205765	295.465769010549	329.016498931176	498.877793645681
12	0	C28M17.npy	C28	M17	1	0.37311519004797	0.170751310764919	0.237504643825084	0.759674830145769	0.39745212407759	0.785733519672192	9.17005492942853	13.1881490143713	8.058811481583
17	0	C31M16.npy	C31	M16	1	1346.42537534776	0.508542307692192	0.246751222714304	15238.3726109114	2101.00505149555	10973.3720354186	12621130.6364749	134611.671384517	129321.115669804
11	0	C05M29.npy	C05	M29	1	0.368622558442824	0.115936442252559	0.195759513197352	0.35213892511456	0.35404063271294	0.474029372788188	1092.35024216157	10.6983777931231	5.82643482242279
13	0	C22M17.npy	C22	M17	1	0.452622969854445	0.211061383896305	0.249701895186631	1.22921011767012	0.502861743200871	1.14192726830965	10.5273468466466	16.1334241706413	8.13071951104876
9	0	C19M17.npy	C19	M17	1	0.541755470719997	0.129412381973056	0.245521155310851	1.13565084847651	0.583095896324214	1.16794143972865	13.1095052082195	22.2744319753991	9.81690629621621
16	0	C19M18.npy	C19	M18	1	0.673008756768893	0.469725617632178	0.316584129153182	1.80853254669141	1.12858754104871	0.528429403729394	54.9484342678351	38.0942701200808	14.7267522664804
14	0	C12M01.npy	C12	M01	2	270.058155087756	0.536080147095341	0.438085703729715	3563.42883853905	357.325026058833	2945.35368999406	534016.853518893	26989.1956583087	23951.4584648972
18	0	C28M18.npy	C28	M18	2	0.920874161397917	0.429182958623571	0.341962678789634	1.88981833900132	1.61874016361966	1.11781667112363	43.1403918073967	54.0337249624165	16.6200940943895
15	0	C38M22.npy	C38	M22	2	604.4368445976	0.697562034189423	0.133280032390619	6131.54398786206	1047.99856026348	1922.01246481133	317087.201847371	60343.98159507	59315.7251161738
10	0	C38M20.npy	C38	M20	2	5.16585049435241	0.473601158877116	0.251027245349421	11.7607704178633	6.76558908435445	61.3063708971935	237.041045523312	287.311268075303	444.585529733534
17	0	C31M16.npy	C31	M16	2	1453.14410185535	0.508859405809259	0.24350180356749	16600.2011933588	2249.38818812795	11308.0688085929	12310718.8878464	145280.634504028	139320.241615929
12	0	C28M17.npy	C28	M17	2	0.364710315281901	0.183267197695287	0.230686557911663	0.731812342634269	0.384578390373254	0.696716103404772	10.2719386854885	13.92955244982	6.33415880681735
11	0	C05M29.npy	C05	M29	2	0.413094642423033	0.114506032485464	0.186291510430027	0.798638454417274	0.386089492046358	0.50804893992775	1368.2657695776	14.7903526778946	8.30544848966771
13	0	C22M17.npy	C22	M17	2	0.474111596443155	0.211392508236595	0.23917033988079	1.27667795528929	0.524528056764965	1.29372531459895	11.0832540476421	16.350070208039	9.54099070209258
16	0	C19M18.npy	C19	M18	2	0.686734203331466	0.478282108628819	0.312773983066341	1.82994676029845	1.13788491634773	0.5253519090122	27.4127249834681	39.0654949610675	15.4925276851839
9	0	C19M17.npy	C19	M17	2	0.554486371609365	0.134320630354958	0.236530897986926	1.21737648730896	0.599614411716683	1.22461503274313	13.420645328436	22.3791608889406	11.4515214698045
14	0	C12M01.npy	C12	M01	3	284.339467110889	0.537089367522337	0.437891762451155	3653.55887222866	372.516854945229	2959.2616215123	531652.794189203	28416.2978578773	25169.1344774151
18	0	C28M18.npy	C28	M18	3	0.936650434816879	0.426033777366045	0.350244527490653	1.90594349533226	1.60554868663135	1.12665752964292	42.330235242393	54.0010324590038	17.239624803465
15	0	C38M22.npy	C38	M22	3	633.649813681413	0.588921131013586	0.135398255274081	6215.64745162084	1084.2303931484	1943.04580339599	319617.467208609	63228.8938088348	62076.7374821608
10	0	C38M20.npy	C38	M20	3	5.96800126863214	0.471636787450055	0.252360432869315	13.0831030447552	8.06612524215893	76.107437487974	274.058636745147	337.151678189405	521.985552470777
17	0	C31M16.npy	C31	M16	3	1500.40080814138	0.511947233800549	0.243458618476006	16521.9529589356	2266.00386654751	11209.6470122922	12059291.3901684	150001.365662831	143328.083301119
12	0	C28M17.npy	C28	M17	3	0.388286466438244	0.170392512101466	0.229813016997203	0.770093014144349	0.408101813942953	0.781364804559079	10.7038106688065	13.9326610473121	8.15849919323215
11	0	C05M29.npy	C05	M29	3	0.415839479798734	0.113127470795676	0.187173020999695	0.807704274362463	0.387133195817107	0.515387229283901	1376.97702460287	14.624918589123	8.63216121203465
13	0	C22M17.npy	C22	M17	3	0.463862306244969	0.214304505422302	0.237575930600266	1.18811055087631	0.50677757202477	1.1445087829081	10.360248837042	16.093821233689	8.53392409991851
16	0	C19M18.npy	C19	M18	3	0.707899937610612	0.479086899172445	0.323253206761947	1.88917736036558	1.16566332558717	0.535526475617149	53.0186797463435	40.0817761895634	15.5027969378038
9	0	C19M17.npy	C19	M17	3	0.542441773218854	0.14129748951718	0.236058994333431	1.15044918404938	0.581550895209746	1.14196988483754	12.7791487966209	22.5695739896702	9.57542492624584
14	0	C12M01.npy	C12	M01	4	271.561526865545	0.532902615457189	0.440861207263368	3623.52667956968	358.9017278346	2979.04838407146	533813.080558131	27139.5646174176	24078.812173162
18	0	C28M18.npy	C28	M18	4	0.868727568859381	0.416865447286834	0.347769970409089	1.84933803677566	1.52567651391817	1.01826597480535	43.9233842439043	50.4013272049584	16.4603270342191
15	0	C38M22.npy	C38	M22	4	591.95151128081	0.579621249976337	0.139200972121458	5871.9716278727	1043.42811917158	1878.34805678902	386620.343015388	59070.2688379652	58043.2315696722
10	0	C38M20.npy	C38	M20	4	6.21425399623984	0.47805745522055	0.265960955972717	13.7342979426006	8.47914113174264	80.9573088335445	299.889117998194	352.074519000587	550.837501378055
17	0	C31M16.npy	C31	M16	4	1418.58368131489	0.515920729183021	0.249659937312054	16153.9750657152	2209.05243902682	11401.5056260135	12594644.8532445	141825.190114882	136209.346717123
12	0	C28M17.npy	C28	M17	4	0.356622199683663	0.172437792976745	0.230054716438906	0.712619921114923	0.378639571676096	0.731349997068481	10.1263007839148	13.1674721122651	7.16855179239082
11	0	C05M29.npy	C05	M29	4	0.415504441284148	0.115180306547786	0.192374899901329	0.823436121196026	0.38734908129865	0.519814809522912	1405.91991730577	14.4726289868577	8.88272059833321
13	0	C22M17.npy	C22	M17	4	0.477851994490635	0.209440218381007	0.238184580657181	1.28353513833668	0.527239933875444	1.31201727459186	11.4509063901137	16.3633040529316	9.6138294800751
16	0	C19M18.npy	C19	M18	4	0.681945581274822	0.474105861588215	0.321307138429683	1.91307368748358	1.13992010295279	0.525017217147427	56.6231278033306	38.6467331013125	15.1135081866582
9	0	C19M17.npy	C19	M17	4	0.553403369816319	0.13360685145066	0.242550560964911	1.21658501432293	0.601077240055094	1.22829217189722	13.8179073666644	22.1849529018749	11.5958638479461
14	0	C12M01.npy	C12	M01	5	275.830757810227	0.549717564293759	0.440371905650613	3691.82807687803	367.547479379313	3064.22090055957	543680.807395171	27567.0233999321	24499.4063701092
18	0	C28M18.npy	C28	M18	5	0.888948804923286	0.431278379653971	0.348548315348182	1.82543909573914	1.55151004186102	1.12151887335322	38.860047788406	51.2180851612071	16.4796134887133
15	0	C38M22.npy	C38	M22	5	614.881423817965	0.584214912009525	0.146912528111619	6250.3947488055	1069.26972300596	2015.98370991255	322204.646650292	61358.1678391792	60307.6430824228
10	0	C38M20.npy	C38	M20	5	6.17174909086512	0.472323360721395	0.267838918211931	13.2873634982775	8.36279476031855	81.7004918431247	280.61356641062	352.8532717459	544.765436358034
17	0	C31M16.npy	C31	M16	5	1403.06064893821	0.522000172993672	0.248496734873211	16015.694905997	2167.15722297993	10806.7705170779	12567174.8049535	140275.907171467	134907.499668303
12	0	C28M17.npy	C28	M17	5	0.376731055290151	0.170650273302281	0.232884885750533	0.759889790226964	0.40204426200825	0.790332233897178	10.5272679463854	13.6273065218802	7.9018843817527
11	0	C05M29.npy	C05	M29	5	0.421583405746006	0.116941047060517	0.19385045778469	0.825220666793696	0.394934599801471	0.522916865362483	1387.24475085863	14.6814830631582	8.91910099347786
13	0	C22M17.npy	C22	M17	5	0.471154000548894	0.207413626098268	0.237704737436946	1.2656794643481	0.52491429046555	1.32277586147475	11.0888246776448	16.2082570875795	9.49813665716445
16	0	C19M18.npy	C19	M18	5	0.690871658879576	0.478348073571442	0.322102849543564	1.88633073724151	1.14963325776139	0.5414782446778	52.635941459775	38.9593752741535	15.0953198698749
9	0	C19M17.npy	C19	M17	5	0.550992100096595	0.134936124772334	0.246257494670475	1.19815111444112	0.600746673616483	1.22847794007647	13.4092011636442	22.0822421593513	11.5353738702053
14	0	C12M01.npy	C12	M01	6	275.03283164515	0.529824123931138	0.439572032851571	3608.94341519922	369.716449112666	2937.72147249121	532742.800492301	27486.3573228904	24437.6858924338
18	0	C28M18.npy	C28	M18	6	0.88095749503181	0.427196250086213	0.347950218217195	1.91272812898178	1.55580731187757	1.06772883519645	39.6541717757951	50.246173200086	16.4616119570536
15	0	C38M22.npy	C38	M22	6	616.546407710808	0.585712988376086	0.144403502982289	6312.85274679471	1072.46763991582	1992.47476372443	319798.177004592	61519.9355666965	60469.7447197217
17	0	C31M16.npy	C31	M16	6	1457.30229171122	0.511681139695246	0.250081470126498	16526.5435375219	2266.59023442719	11472.4432143958	12322543.8703204	145695.488970527	140213.223850589
10	0	C38M20.npy	C38	M20	6	6.22265909394128	0.475971432893056	0.261955415238312	13.6687603123988	8.46257483463181	80.7135425039736	279.185630405564	351.027945644677	548.759851293686
12	0	C28M17.npy	C28	M17	6	0.360392050924816	0.177569072605658	0.229370770407419	0.691788209680144	0.380191776109067	0.703768295681531	8.18019937385454	12.585117971469	7.27362505211283
11	0	C05M29.npy	C05	M29	6	0.412421710550899	0.116094351439467	0.194448014588733	0.820758530795555	0.384716885388422	0.517740753138599	1395.34006511175	14.4474560803394	8.65020612730174
14	0	C12M01.npy	C12	M01	7	282.381778096368	0.536160611030846	0.43366884665059	3810.56826468654	375.283108994634	3106.56990869901	562177.72149135	28221.7185440731	25079.9749315675
13	0	C22M17.npy	C22	M17	6	0.458435256268576	0.211771373773925	0.242336837779238	1.17816868791049	0.509480401501363	1.24489185389028	10.3028077093205	15.8638794686875	8.43558033096875
16	0	C19M18.npy	C19	M18	6	0.697419453441688	0.476993339659631	0.324398514860676	1.93196005715155	1.17165611943114	0.533050486043732	52.168377918523	39.5306206632166	15.513077567301
9	0	C19M17.npy	C19	M17	6	0.550462846972391	0.13188401281993	0.243946674141193	1.15717951754828	0.598070124768356	1.2186326012657	13.2820846663231	22.3930111661653	11.0213565813147
18	0	C28M18.npy	C28	M18	7	0.848431935230975	0.433653431593682	0.334521786284033	1.71106298465226	1.44874294799608	1.01831388919971	30.803320794088	48.6696486672687	16.0439180507315
15	0	C38M22.npy	C38	M22	7	490.352369819615	0.602385525333859	0.123573895896701	5752.94383836173	866.132599638095	1608.10691670027	259373.986006209	48918.8707673619	48127.7838629256
17	0	C31M16.npy	C31	M16	7	1407.41684237916	0.512211589755647	0.229897409299482	16653.1247226843	2190.2367650923	11486.4489817256	12128596.4566342	140707.948891274	134875.99439414
10	0	C38M20.npy	C38	M20	7	5.36467270834168	0.45870233767089	0.240908175637903	11.6198337932141	7.06061314793828	68.8201978209752	216.419116183338	294.436653265664	466.823851470956
12	0	C28M17.npy	C28	M17	7	0.378554320596464	0.163136099303486	0.20632709255138	0.767230145513241	0.400289382640695	0.79280673482431	10.1714670086523	13.3720070884645	7.98529113984366
14	0	C12M01.npy	C12	M01	8	278.975878890865	0.542340697752167	0.438428122163611	3687.72696148416	365.678346830063	2932.56565682702	535622.418343604	27879.9252605049	24640.404943049
11	0	C05M29.npy	C05	M29	7	0.425456747860788	0.111048044852189	0.162536339006279	0.8298509744283	0.392606082915584	0.520833769182125	1364.23295110484	14.6207220296868	9.03901600723492
13	0	C22M17.npy	C22	M17	7	0.472593071693796	0.206373718665419	0.225030057204693	1.27124933957058	0.518627768551112	1.28746210001598	11.0028011462354	16.1187641915026	9.32990157502788
16	0	C19M18.npy	C19	M18	7	0.671066508965428	0.474061400094943	0.298348470021328	1.70284738255831	1.10027326539665	0.512349837344501	51.7193792210296	37.4650817359032	14.7018475374159
9	0	C19M17.npy	C19	M17	7	0.544376422690558	0.127054858071376	0.218282010801541	1.15841240120745	0.582939161472401	1.18793080992858	11.3476846677664	21.11384609159	11.0986453438611
18	0	C28M18.npy	C28	M18	8	0.924381702512351	0.42506142244782	0.340468289655104	1.86701128308296	1.59473967383198	1.10404961152725	41.9485300920557	53.7920267263996	16.8123299660226
15	0	C38M22.npy	C38	M22	8	626.706688280866	0.588230987669486	0.144791576681766	6436.63178683	1070.78464267574	1996.0166964801	318356.273437733	62535.4043295914	61391.30042155
17	0	C31M16.npy	C31	M16	8	1387.51650061151	0.522775280761974	0.244574166561657	15577.2153349963	2133.96985623381	10659.6587475021	11636409.5059804	138716.410191343	133208.94244813
10	0	C38M20.npy	C38	M20	8	5.29677755637644	0.481073231106077	0.275514983280928	10.913201748423	7.14829723080008	66.2276736536087	218.286365259774	286.429490781621	452.626888066985
14	0	C12M01.npy	C12	M01	9	268.684224311582	0.52988078591134	0.433060619688768	3690.74730931451	355.324097773804	3032.03357710668	532371.527103138	26852.4596635396	23864.116218589
12	0	C28M17.npy	C28	M17	8	0.388561990397846	0.171199104227073	0.234967427922117	0.786430785662547	0.407544285447981	0.779920732347143	10.6347280034959	13.9233135733765	8.1460700752275
11	0	C05M29.npy	C05	M29	8	0.438490388271626	0.113559296092265	0.191234075278378	0.844538018931687	0.406752956280933	0.527209051711965	1342.41165376194	14.9377096947103	9.10397241586535
13	0	C22M17.npy	C22	M17	8	0.471954394656007	0.209666180261896	0.2387941443	1.28700572884246	0.519038473967994	1.2793422962701	11.2191219437729	16.3690246062257	9.54049740772799
16	0	C19M18.npy	C19	M18	8	0.675412911271621	0.48078013760447	0.32472845603336	1.68911842478768	1.11373816248223	0.51905606400286	50.6906577787798	37.8105584856166	14.8470537423568
9	0	C19M17.npy	C19	M17	8	0.551734909207465	0.132079966141094	0.241585913689193	1.1929562844167	0.59372278388355	1.19473322246622	13.3478571554458	22.103755901686	11.4082539833867
18	0	C28M18.npy	C28	M18	9	0.866520451360914	0.423293117038713	0.336958316654945	1.74204479238753	1.51504306646994	1.1040968183216	40.5395464845882	50.7502639548821	16.674626062759
15	0	C38M22.npy	C38	M22	9	577.093840240996	0.588528311511808	0.131357955507827	6217.50186195599	994.933354782782	1954.67984141487	308918.865044951	57583.5818740819	56609.7291282918
17	0	C31M16.npy	C31	M16	9	1402.16109215591	0.511625492277775	0.238035615425217	16362.5824836687	2151.08726070034	11493.4120902788	12529327.7737318	140185.544289561	134943.711753576
10	0	C38M20.npy	C38	M20	9	5.93225802181787	0.469834795223476	0.25174946632186	13.2163597899634	7.99489750419013	79.3336137619375	276.3947576543	339.942040188655	520.982368119692
12	0	C28M17.npy	C28	M17	9	0.374440804422464	0.165928189252528	0.228711318299485	0.757483510804037	0.395787319609338	0.760499144260298	9.62624296045434	13.3223469265156	7.82713261907111
11	0	C05M29.npy	C05	M29	9	0.412786134854953	0.113582892649122	0.183885321019627	0.85131670525064	0.400152657835851	0.428594949773463	372.1886729485	13.3809386151975	8.73772739520548
13	0	C22M17.npy	C22	M17	9	0.467492446848146	0.206547098280883	0.224960168610706	1.2799128870288	0.515907185912551	1.27337995938543	9.06172584843889	15.8164843503726	9.32784020752052
16	0	C19M18.npy	C19	M18	9	0.665394222412832	0.469768540494408	0.314064387767128	1.79193560879865	1.1015624773873	0.517973611118946	53.1208211238166	37.3016950263018	14.8221506885835
9	0	C19M17.npy	C19	M17	9	0.560048431405466	0.125709285299542	0.235989134779275	1.19751685420142	0.604945480926485	1.2165108909314	12.8777559849617	22.2267947452473	11.133950800203
26	0	C38M02.npy	C38	M02	0	69.3163636005349	0.601580246563274	0.370787160966966	801.907434215187	86.3977472879435	904.632036291232	137157.702078497	6763.48185349792	6459.13749938312
20	0	C28M22.npy	C28	M22	0	594.816173380396	0.676479156198789	0.133755084720552	7303.09359478736	1055.97861662773	2326.46121300868	387968.393305243	59462.4988535522	58898.8758036311
24	0	C40M16.npy	C40	M16	0	97.2826035748845	0.405876431270472	0.276301775667765	679.532463933603	135.944912927587	1048.61611433923	211351.876478702	9690.16924328604	7933.86301941097
28	0	C40M18.npy	C40	M18	0	1.46717095939035	0.405219659813282	0.351005842440497	3.95414209175125	2.58388716506034	1.53411728659683	1109.3954078304	109.945448671134	27.7057879696187
27	0	C22M16.npy	C22	M16	0	196.771242832623	0.51734197817321	0.156655406927002	2210.49331538217	318.640410067971	1903.05944422881	310928.917407663	19639.9338444549	16589.6787306437
23	0	C51M20.npy	C51	M20	0	1.70320834573706	0.248416775411255	0.243138094574991	2.76959017972933	2.09486590727256	4.80631546856288	27.3760950906759	94.9944054018805	42.5004115958095
19	0	C28M29.npy	C28	M29	0	0.488812093741959	0.162726990591759	0.19752252960925	0.333053430925108	0.384957237672184	1.4110481488579	13703.8821527819	24.2766067230383	16.5972263512876
22	0	C51M29.npy	C51	M29	0	0.484445937137848	0.163088634367349	0.190114046911422	0.504861170972249	0.416285497539629	0.830616077953422	2817.79757714399	20.5996303439542	7.07858564154278
25	0	C39M29.npy	C39	M29	0	0.340896671465843	0.114739411743573	0.152071181784909	0.307746966224885	0.329528041359023	0.354891331486606	1286.05405858096	9.38791892357138	5.28025181538203
21	0	C38M29.npy	C38	M29	0	0.416810964122525	0.0698382618814517	0.174237624274339	0.342342348318852	0.351062040871671	1.1108312594243	8744.95440441871	15.3644604659486	11.0698039033912
26	0	C38M02.npy	C38	M02	1	119.529714985191	0.736271180569548	0.367617919143946	3433.7434515145	259.086112805151	920.561679016466	197627495.562445	11764.6553232833	11360.9705313851
20	0	C28M22.npy	C28	M22	1	573.32254744181	0.691584843208739	0.133931306128553	7046.56315931789	1012.03154160897	2285.3081135584	387387.548779936	57313.2252806925	56739.80426818
24	0	C40M16.npy	C40	M16	1	99.2398563079895	0.410967762813177	0.289422938613083	783.683945075668	139.314950282494	1209.74717067493	412419.472962409	9885.46659751177	8106.67412449054
28	0	C40M18.npy	C40	M18	1	1.43776412774242	0.417053495760888	0.377102374578763	3.87787029535893	2.55074852701405	1.52008978267876	1122.93369905698	107.304080357254	25.3569304100471
27	0	C22M16.npy	C22	M16	1	195.034099342077	0.506595700456234	0.153274921314433	2210.32728426394	320.067847577856	2058.06891165034	362072.248272034	19467.7756694164	16473.4114405308
23	0	C51M20.npy	C51	M20	1	1.83590811051856	0.253266485547112	0.271337023053838	3.00218332582403	2.27709622938816	5.72024350434231	36.1379433380517	104.794630667644	46.494981107734
19	0	C28M29.npy	C28	M29	1	0.508071331215084	0.150248798442508	0.206922743918276	0.304397595083383	0.367474156781273	1.40616452104197	35266.4834940048	26.996577423109	16.3401173104755
22	0	C51M29.npy	C51	M29	1	0.486006362113785	0.153527151621278	0.200999084074478	0.512298667809535	0.407434439180145	0.830229309692777	6608.11738766733	21.7989655278275	6.76774971111299
21	0	C38M29.npy	C38	M29	1	0.444717456309763	0.0574783986231052	0.165442400171929	0.38106696029651	0.380855851897053	1.34608411389391	9654.16229245606	15.3425955693658	14.2071546885211
25	0	C39M29.npy	C39	M29	1	0.332615048691197	0.102939549490232	0.159535768176743	0.299639226660172	0.314816916587001	0.347608306319311	3991.26523489267	9.56886212714269	5.02301803412351
26	0	C38M02.npy	C38	M02	2	121.177014203677	0.732620891635837	0.369873628936147	3351.51629634725	260.615876494271	891.274118946941	184366742.928342	11955.8639815513	11509.8459366455
20	0	C28M22.npy	C28	M22	2	643.380282851229	0.728670419380719	0.124668104690588	7636.6949158874	1153.07915674958	2394.52565618848	387330.380928775	64319.6178498797	63672.9172958506
24	0	C40M16.npy	C40	M16	2	104.693149135399	0.407181519437039	0.287935929568901	797.201008551371	145.524809334259	1201.33431949055	396461.754269705	10428.562931077	8500.63770334465
28	0	C40M18.npy	C40	M18	2	1.5259073492742	0.422510977088671	0.369002041072448	3.93922713778308	2.70112831006129	1.57308901721923	1083.85080871426	113.528633774474	27.440093143132
27	0	C22M16.npy	C22	M16	2	211.089177641676	0.548886863388373	0.163039860059508	2378.2555753248	342.440544663847	2120.58311078254	371780.293507516	21069.7470792969	17886.7442844004
23	0	C51M20.npy	C51	M20	2	1.84328794801407	0.254799555731027	0.261524185695913	2.9850388027737	2.27761353787029	5.48410632296828	36.2100866273009	107.689095161257	42.9771254174975
19	0	C28M29.npy	C28	M29	2	0.520671704751615	0.164376960099687	0.222176772735773	0.333265425915975	0.385814949195757	1.37436179024891	33848.0500023728	27.8198075929956	16.2370876244397
21	0	C38M29.npy	C38	M29	2	0.431215533589397	0.0664328298882761	0.161063143735765	0.346240227623251	0.36121224156248	1.13537611578068	9266.01204540476	15.5273341516835	12.5590177670576
22	0	C51M29.npy	C51	M29	2	0.502326242088964	0.167313017629534	0.2055657110351	0.52214750766472	0.424377859081087	0.813517488551882	6345.54930197892	22.4130945041772	7.08646476928453
25	0	C39M29.npy	C39	M29	2	0.332413378655916	0.1169160378604	0.162647785473777	0.290543591984841	0.320595169038834	0.327060292449001	3832.57026095633	9.98361167411624	4.27627641389358
26	0	C38M02.npy	C38	M02	3	125.056269859894	0.73120611989036	0.367705053833007	3305.7055276398	259.232772271457	925.510460816729	177907328.360418	12302.7332275995	11853.6574504313
20	0	C28M22.npy	C28	M22	3	638.91326294176	0.699852650493292	0.136796319426842	7364.08346431759	1119.9458185199	2064.88637581323	380891.238117241	63869.3511700752	63185.8344313922
24	0	C40M16.npy	C40	M16	3	98.7711245484749	0.418907817442011	0.286537374160094	771.778000879565	136.020656019996	1076.56203785288	383001.545441843	9835.55960557588	7989.37413898998
27	0	C22M16.npy	C22	M16	3	213.683139057097	0.520268119496155	0.157877888592485	2339.71156384485	338.511845494495	2084.6517289736	368548.630247719	21325.0952859223	18020.8007971749
28	0	C40M18.npy	C40	M18	3	1.5425126616476	0.422187298435266	0.38009674479712	3.90215299095871	2.6720713137282	1.55269549105098	1058.4509185183	113.346164877568	26.1204861624402
23	0	C51M20.npy	C51	M20	3	1.8741465404253	0.25500668732603	0.279921715303569	3.03635381741845	2.28749378185593	5.71222127409023	35.7867777840985	105.815510770487	45.8028020817452
19	0	C28M29.npy	C28	M29	3	0.527523357869876	0.160144134018546	0.21194415284329	0.334723451245362	0.388025516607129	1.36390333878699	34063.6096693162	27.5957385368321	16.8087434550363
21	0	C38M29.npy	C38	M29	3	0.44782364677112	0.0624819482390373	0.167814655744577	0.379689659713566	0.381002225108039	1.28039127924148	9325.21190572493	15.5371917353231	14.0362019715964
22	0	C51M29.npy	C51	M29	3	0.493309559216955	0.16523646943851	0.215584751390107	0.513371346652915	0.41423520561131	0.78819705305101	6385.4182537453	21.8159559927115	7.13645449557556
25	0	C39M29.npy	C39	M29	3	0.336901693580864	0.113726530183154	0.16840515146546	0.300748461164049	0.321472842352504	0.344437963724941	3857.00790206615	9.87897156634247	5.13936613296142
26	0	C38M02.npy	C38	M02	4	121.941071506687	0.734621053079604	0.368752916758269	3397.46134470009	261.342582637867	917.528187938985	182260323.518904	11993.1610211419	11598.9245360754
20	0	C28M22.npy	C28	M22	4	598.718303255981	0.694892723951555	0.138379488067458	7130.1463946266	1076.43889395968	2236.58670054158	527747.456941788	59853.7046712633	59279.3767919402
24	0	C40M16.npy	C40	M16	4	77.9796333287927	0.441473280145374	0.29407799485401	500.680845046082	98.9157931994742	1045.24976777593	270759.92494455	7760.29106764001	6198.0160958743
27	0	C22M16.npy	C22	M16	4	207.852572111563	0.510556379285635	0.160282062393074	2356.86944385075	332.168058192258	2138.7305722109	377900.665592461	20746.3773807596	17589.0299511903
28	0	C40M18.npy	C40	M18	4	1.04371647018136	0.474667315781934	0.380590658708054	2.6255422302451	1.82335094663255	1.24418759167115	73.3706063515921	67.2185952899147	21.8170447861057
23	0	C51M20.npy	C51	M20	4	1.87004867442675	0.247372023949911	0.26550097179755	3.06582776668583	2.31082767906382	5.82490303548642	39.3966526904871	107.166975941353	46.8973682635159
19	0	C28M29.npy	C28	M29	4	0.508107611525498	0.146961832915198	0.207025008484058	0.314012241564591	0.36817020159061	1.39579925061837	34780.6275134931	27.3713203145794	16.2537103397894
21	0	C38M29.npy	C38	M29	4	0.454128792305413	0.0587793129495784	0.164868996591774	0.389117480955514	0.389500868513705	1.36032006236116	9521.33789886017	15.4145475651053	14.9092818854535
22	0	C51M29.npy	C51	M29	4	0.492278458262809	0.165526673526747	0.204036887657713	0.522703430445658	0.414787497064147	0.820503514826054	6520.26688354379	22.2247092112073	6.94289323849544
25	0	C39M29.npy	C39	M29	4	0.339674259245954	0.117776839255252	0.173417416320477	0.304002194109256	0.32588567876302	0.349027072056136	3938.15498653738	9.74028348379826	5.32964672302337
26	0	C38M02.npy	C38	M02	5	122.280845119875	0.737064172216417	0.36445076943162	3364.80870920614	260.206596925942	927.296605249982	182043378.140208	12028.0185296084	11614.118261953
20	0	C28M22.npy	C28	M22	5	586.739152737706	0.703506849177495	0.12427329632256	6987.37826993412	1050.85898539819	2360.25546258343	358887.165762247	58597.497335419	58070.6900935271
24	0	C40M16.npy	C40	M16	5	98.6807407659322	0.414410183828575	0.291328949039861	781.561569794234	139.41176333903	1131.61184896489	405709.751146845	9829.59801801065	8038.95476746279
27	0	C22M16.npy	C22	M16	5	205.245503194714	0.524766155490961	0.156761277714961	2288.48722519799	333.132965961465	2146.69612634297	379632.657304671	20485.1197174825	17349.5169031731
28	0	C40M18.npy	C40	M18	5	1.4888636548711	0.425494448123603	0.379193147933249	3.81421811674142	2.62153991601425	1.55952070589983	1078.68335725323	110.471437438195	25.7403547720652
19	0	C28M29.npy	C28	M29	5	0.518196551452809	0.159307019095065	0.20950597782475	0.330599168286787	0.385789612218234	1.41542870321247	34312.0877588562	27.4895934893614	16.6094557073575
23	0	C51M20.npy	C51	M20	5	1.75413784738135	0.256653192747072	0.265038633899676	2.95245251399749	2.165357399493	5.48434451392884	34.6610959389409	103.720809368471	38.2067504046385
21	0	C38M29.npy	C38	M29	5	0.450039214870608	0.0632771385871945	0.169261840527482	0.383165091122605	0.387405810757944	1.36084490215292	9394.30161834788	15.4347532712717	14.561391183996
22	0	C51M29.npy	C51	M29	5	0.473722423162597	0.187114507979385	0.210196618933566	0.508831106857558	0.406854557946551	0.814104517192727	6432.68466596653	21.7206752699562	5.3468944787198
25	0	C39M29.npy	C39	M29	5	0.340328297742814	0.113597867361401	0.16613341963223	0.304269783154717	0.328397771787553	0.350889404579773	3885.70458175379	9.93048131986429	5.07166389520952
26	0	C38M02.npy	C38	M02	6	123.049822788374	0.733093034182172	0.368121635495092	3377.03845717817	263.242101822605	901.43092245543	181620780.002923	12108.6075662558	11699.4251851729
20	0	C28M22.npy	C28	M22	6	582.060954029386	0.697610105815412	0.136056517620739	6915.16428253576	1051.88929095283	2236.35939962367	298347.853767224	58186.2057992111	57534.3202107836
24	0	C40M16.npy	C40	M16	6	98.6608660429176	0.414531485300322	0.296739098280874	789.242081033987	137.359041480792	1144.65827800453	394310.892408107	9826.22084592643	8043.37265085671
27	0	C22M16.npy	C22	M16	6	201.248851074308	0.524712908035797	0.170023862253125	2352.42167128146	324.731733891244	1950.16379253943	309987.294165941	20084.161232922	17097.9746436775
28	0	C40M18.npy	C40	M18	6	1.50099052949068	0.419967003784694	0.385429874706288	3.95955827733338	2.66210303139192	1.55383919299376	1075.08744723428	111.512632516524	25.9011649389728
19	0	C28M29.npy	C28	M29	6	0.510405524849014	0.152834214103911	0.209385146951874	0.32876429874087	0.375588876357331	1.38998962919983	34518.7470667255	27.174694194279	16.212600182132
23	0	C51M20.npy	C51	M20	6	1.88634521648863	0.251744665114183	0.271385098386833	3.08333357316849	2.3401797334675	5.80989500390629	36.9263335569095	108.016702763107	46.8184459986353
21	0	C38M29.npy	C38	M29	6	0.452155672345052	0.0641326761757004	0.165225084386799	0.385416495673443	0.388248501361822	1.35468315236924	9449.6516337316	15.2905170418149	15.002814946505
22	0	C51M29.npy	C51	M29	6	0.498559406235646	0.161930819083346	0.207949608305416	0.524253383488908	0.42251170572669	0.828772221953383	6471.1292626393	22.3555364557249	7.17903912820709
25	0	C39M29.npy	C39	M29	6	0.328469908921849	0.120107556083083	0.180239051821137	0.290839930143355	0.316658193250599	0.335908029455785	3908.41546644298	9.91945215386826	4.72998096308438
26	0	C38M02.npy	C38	M02	7	105.252399306504	0.768398682766822	0.367847647477339	3273.56454658383	238.167472971146	834.173654657438	181707401.06958	10333.9893309174	10007.4346014926
20	0	C28M22.npy	C28	M22	7	581.040993024307	0.703297514102522	0.122321674989411	7379.10783540772	1025.76269508225	2165.54404857844	299324.53526294	58074.1975512226	57481.7634086803
24	0	C40M16.npy	C40	M16	7	102.03978903304	0.410019719024903	0.265502957912768	800.464638420935	141.277078490742	1201.21897820793	401026.454156049	10163.5849548973	8312.37062303349
27	0	C22M16.npy	C22	M16	7	206.920508667765	0.51510031440063	0.148935629013992	2383.30393254802	332.588958238954	2153.10577388604	353139.443354999	20653.6145327139	17564.7139735883
28	0	C40M18.npy	C40	M18	7	1.50275217369435	0.414658888403278	0.354896700437133	3.77880601384415	2.62426200032639	1.44190055022472	1134.57884563593	111.656268583465	26.6030849396035
19	0	C28M29.npy	C28	M29	7	0.496603591666842	0.168182906166121	0.192776196704256	0.319779972869415	0.355366453979149	1.39682849516787	33747.6261397493	27.2980356295898	14.2409186064019
23	0	C51M20.npy	C51	M20	7	1.80645411704246	0.255288823403298	0.245233737996661	2.94507568404884	2.19363741086369	5.60103810103113	36.0099401659313	103.945933135321	44.1832454769098
21	0	C38M29.npy	C38	M29	7	0.449442144453436	0.0634983675361692	0.157080851817946	0.375621853846841	0.381329712234669	1.32507383564748	9238.65849800645	15.4366152914035	13.8844213677453
22	0	C51M29.npy	C51	M29	7	0.498894748755586	0.160855102125191	0.179983501377306	0.519466442360691	0.41813788785509	0.811294522128784	6325.94691068897	22.0521175929859	7.12965906482625
25	0	C39M29.npy	C39	M29	7	0.344087774076851	0.108267375326035	0.137564716235798	0.293953488862179	0.32582785110798	0.348155729699062	3821.24233045684	9.7877825559477	5.26891434684386
26	0	C38M02.npy	C38	M02	8	122.629160905717	0.734585487388705	0.36907674175264	3396.03818463588	256.605709306533	894.780958463232	179951888.587521	12068.5058554181	11624.8965432294
20	0	C28M22.npy	C28	M22	8	631.409339250825	0.696611468844948	0.134410116125158	7582.76253661024	1104.0803784022	2339.80208564452	388411.376338691	63119.7592199053	62446.9483776481
24	0	C40M16.npy	C40	M16	8	104.336950402331	0.414800458470168	0.284036015901897	789.875011278872	143.126743126931	1178.48888616339	404751.312251551	10392.146840264	8468.31687077494
27	0	C22M16.npy	C22	M16	8	205.895536092052	0.513478876134545	0.164601932870179	2343.22170976672	330.006662281893	2006.95505329442	357362.20832801	20549.1303681474	17491.7777776195
28	0	C40M18.npy	C40	M18	8	1.51218460141011	0.41672775168802	0.380064339714565	3.84221745669301	2.62119005809944	1.52209791647373	1049.58906362584	110.758296270374	24.8357250520303
19	0	C28M29.npy	C28	M29	8	0.530067921732705	0.15731127937423	0.205664215324847	0.341934482437933	0.391824981903224	1.36421102792559	33206.1365218633	27.7987200100047	16.6890348498461
23	0	C51M20.npy	C51	M20	8	1.89476528702011	0.247701853384215	0.261614617736583	3.08548401857919	2.30312275581281	5.6311487547494	36.5968643775991	108.369238430399	45.5765537614168
21	0	C38M29.npy	C38	M29	8	0.459220197163709	0.0609816836624532	0.157900983593327	0.391662286087043	0.393957234641166	1.30867597026097	9090.33458390537	15.6361492027252	14.3359286758937
22	0	C51M29.npy	C51	M29	8	0.500621466144554	0.170323103341711	0.211934539590606	0.525983338634873	0.421678604408765	0.805149463919775	6225.22645610703	22.3581222226255	7.13996220437856
25	0	C39M29.npy	C39	M29	8	0.347000755244742	0.110642037367319	0.168519292853729	0.310884715624987	0.331440594551198	0.347864454829617	3759.9133589883	10.07474106457	5.05773738035021
26	0	C38M02.npy	C38	M02	9	117.75056921053	0.74122117514434	0.368718595339535	3465.39902527368	254.262577008087	892.320589931211	193124010.61606	11582.4378584585	11204.7930444342
20	0	C28M22.npy	C28	M22	9	581.155859943454	0.694027178009671	0.113994220082277	7314.71697303854	1027.07320050367	2283.98451326489	389820.195570655	58096.9064004538	57571.2553413616
24	0	C40M16.npy	C40	M16	9	98.7893139716003	0.402496657530058	0.289704748798907	791.182467500779	137.876138767857	1169.77023935577	401543.208529352	9840.30330488594	8062.64545156879
27	0	C22M16.npy	C22	M16	9	196.296751381703	0.514403481652187	0.170698517048335	2289.25606336712	309.820946341506	2124.20515871601	360516.539330659	19593.6310491469	16724.2722023407
28	0	C40M18.npy	C40	M18	9	1.41091297499698	0.41326336783845	0.369219124387825	3.71493967895925	2.48594810749909	1.48414250720147	1105.37985753482	104.885421841179	24.2443619537595
19	0	C28M29.npy	C28	M29	9	0.384833575364313	0.180568631519051	0.205568336602681	0.325603788449146	0.365840214328828	0.301331290310508	21449.5211572703	14.6450470295507	7.86936593471134
23	0	C51M20.npy	C51	M20	9	1.75981217631295	0.24648848450628	0.255708806274912	2.85043281755091	2.1423065860246	5.2874828653778	34.7259908556902	101.686165437842	42.1628075630426
21	0	C38M29.npy	C38	M29	9	0.381969825975627	0.0665955954278359	0.148245124009865	0.392555670083428	0.388450851195926	0.910367740062732	735.225523080911	8.19481066039715	12.5736257321333
22	0	C51M29.npy	C51	M29	9	0.456686742650591	0.163584739131465	0.20598923562484	0.52408668426856	0.416435908004068	0.466822930519484	3772.48302520121	18.1473664246482	6.62045002279421
25	0	C39M29.npy	C39	M29	9	0.327298341894789	0.125086249513128	0.191238352215016	0.302150573702691	0.328587807489559	0.300980627444587	2704.08038554225	8.82138406593736	4.39505253798029
36	0	C31M02.npy	C31	M02	0	84.2170616968408	0.682938065310665	0.302705155227311	1271.96880990407	107.442909433546	573.257999052924	148889.153996176	8392.98971773081	7777.52583031592
35	0	C39M22.npy	C39	M22	0	979.654930738363	0.653882897981818	0.174885673021652	10918.8246055108	1774.08466281726	3404.55570823439	10117126.9370054	97941.7023140437	96070.7327879398
37	0	C05M18.npy	C05	M18	0	0.767494097620044	0.433674246789922	0.312944338499836	1.41078204504747	1.25506182216608	0.709765386700463	1575.70682548152	36.6135632526386	19.617704730815
29	0	C39M20.npy	C39	M20	0	0.792426443231092	0.216376660753077	0.223537039365422	1.43806161935926	0.974992001130832	3.15693561022421	23.4944838486317	40.5991645428056	15.7865662481124
33	0	C51M18.npy	C51	M18	0	1.2328261354708	0.455266323447473	0.342430498791374	2.43901823806185	2.17118501340706	1.13195390590664	83.6161705434224	77.116927843057	24.968308936408
38	0	C39M18.npy	C39	M18	0	0.533938335505015	0.359062071401659	0.280892755057006	0.760891025204753	0.849283651552745	0.486544990120539	43.3133497319019	20.1221988407772	10.9189063827795
31	0	C07M20.npy	C07	M20	0	1.17639812097963	0.267709652777682	0.236337882389647	2.05957846772772	1.44455765193027	4.7351341221905	37.8453140347806	80.9850992070729	18.1293994391277
34	0	C38M17.npy	C38	M17	0	1.47169819049727	0.129937566358615	0.150776472412126	6.10248659010328	1.7063204149437	7.67953293244525	227.116179907027	97.295379380003	49.4725390574349
30	0	C19M20.npy	C19	M20	0	0.66537014142203	0.255569426911579	0.23017285309905	1.07960413566346	0.822403412450922	1.73870838753037	5.69201520899599	32.6854322136429	11.4243931054246
32	0	C19M29.npy	C19	M29	0	0.284504452867072	0.133359693388432	0.202687821007158	0.274524607278385	0.27119963747537	0.350608224351234	909.709800529683	7.18900758662719	5.05933511839955
36	0	C31M02.npy	C31	M02	1	214.183405492821	0.798298262375012	0.283474834874989	8030.49057633485	536.632459295379	589.385629302471	652832529.9535	21389.3348991549	20721.0075282791
35	0	C39M22.npy	C39	M22	1	944.245287169108	0.639547333944837	0.191767358031581	10517.4348535191	1724.4171623334	3277.32790440522	10154588.866449	94401.2864885295	92590.8298316273
33	0	C51M18.npy	C51	M18	1	1.29364461273322	0.446271857174898	0.338225505895463	2.44387395619092	2.2926604678948	1.18311294292202	62.1897943348597	82.1862379863711	28.2404478696885
37	0	C05M18.npy	C05	M18	1	0.688939621726043	0.450188631640129	0.308868080417831	1.08301191838645	1.15413984108117	0.739804594963041	15.9939954215501	27.5231210839439	20.2853014109985
31	0	C07M20.npy	C07	M20	1	1.15130449792164	0.270975378440435	0.238297000767914	2.04072359540709	1.42924577943867	4.81001681709492	41.2131802771778	79.6795598609448	17.8663240536171
38	0	C39M18.npy	C39	M18	1	0.517803024095134	0.354667530431457	0.296407588875614	0.724639458508289	0.807471058147692	0.465284860059078	501.893273397172	20.4014530775517	10.0228704788955
29	0	C39M20.npy	C39	M20	1	0.796483185011953	0.224462765974084	0.236330892700308	1.47599727030194	0.994553780821247	3.36520271947163	29.0144619626075	40.6575114791821	16.1267106972567
34	0	C38M17.npy	C38	M17	1	1.42303863743147	0.138797768031599	0.180039425227359	5.79597815047839	1.66853194376562	7.31463113491747	220.067289060867	95.6291946064594	50.2758408465438
30	0	C19M20.npy	C19	M20	1	0.669307059787231	0.2551061199949	0.240167014463421	1.13385281626744	0.837871233793355	1.92829923503271	6.81959800416942	32.6394621010839	11.8394444582288
32	0	C19M29.npy	C19	M29	1	0.281571282135806	0.12921813972371	0.188962979598627	0.272802334582456	0.267355734151573	0.349069302495851	1332.23576521354	7.13810784314603	5.01266679249802
36	0	C31M02.npy	C31	M02	2	223.41076089569	0.789817358944012	0.28913428013737	7944.60624322104	545.745250037883	622.76407588414	609021216.421899	22310.525983919	21618.1119455524
35	0	C39M22.npy	C39	M22	2	1050.3196802778	0.699474558857963	0.182927986630391	11456.4954291056	1903.32502143233	3533.30360840815	9838190.5337872	105010.276729946	102871.711298607
33	0	C51M18.npy	C51	M18	2	1.35596771997086	0.461342519018638	0.338854120493389	2.55650479765484	2.41127461827532	1.15606526860099	82.9351558078674	85.4519337104301	28.1692700370099
37	0	C05M18.npy	C05	M18	2	0.76749633807107	0.439641612277834	0.308521870739988	1.3720620674206	1.25896673358046	0.696268517902497	1537.20322093773	37.105811171808	19.5975123246375
31	0	C07M20.npy	C07	M20	2	1.17800974288941	0.270818848698572	0.215730455930668	2.06458168254641	1.44783570187276	4.77032648439297	37.6462157461345	81.9092159338742	18.1812418212642
34	0	C38M17.npy	C38	M17	2	1.40509621952153	0.139586008154565	0.173690313451701	5.69314276715348	1.60861348844073	6.86391895439571	215.994279495564	94.234037906731	45.7815619595082
29	0	C39M20.npy	C39	M20	2	0.830553285003472	0.216785927849653	0.228989809237568	1.50809145533396	1.02799549531823	3.41949400349839	28.8362525628867	43.3258586172682	16.2302386875082
38	0	C39M18.npy	C39	M18	2	0.559678919884062	0.355318457750657	0.293190692518202	0.747978668468393	0.8833982450777	0.485689789628007	485.660492716482	22.2503226915014	11.2725391556657
30	0	C19M20.npy	C19	M20	2	0.657568089556451	0.256299131822386	0.238078520686261	1.10823004799957	0.817676631291493	1.85704547987766	6.06168949124575	32.375154658707	11.0872122543616
32	0	C19M29.npy	C19	M29	2	0.283973293413815	0.131854838868564	0.18641591822734	0.271138535109497	0.269386068150063	0.343398477690141	1278.76081340357	7.2076901535526	5.06924050474695
36	0	C31M02.npy	C31	M02	3	226.370025182945	0.791977035619479	0.29332258775822	7766.1183786884	536.708277874494	628.181759296325	587676255.467366	22605.0010949047	21891.8363304167
35	0	C39M22.npy	C39	M22	3	1048.3094201029	0.646249267679618	0.190508650073397	11043.6496818027	1865.85800160661	3322.58104225382	10118821.4498497	104802.80971122	102484.023241195
33	0	C51M18.npy	C51	M18	3	1.37219198524918	0.45685614392197	0.349675274939657	2.44152287123005	2.38851657269686	1.17521291815158	85.1111402919577	85.2859834210692	28.6943354663582
37	0	C05M18.npy	C05	M18	3	0.794403002808045	0.438682678620229	0.31335844906788	1.39267949210307	1.28895315501642	0.686532569448064	1497.9539444531	37.1846288595976	21.4000955077493
31	0	C07M20.npy	C07	M20	3	1.19619393956201	0.273774361962799	0.214647379373769	2.08792006774556	1.45087568987213	4.88246990461223	37.9137313929553	82.4482412405864	18.4938192832929
38	0	C39M18.npy	C39	M18	3	0.552318152478521	0.36541736640881	0.299796440309595	0.758276229775496	0.857086804334223	0.483931739115472	473.255647402565	22.245086113727	10.4397623620663
29	0	C39M20.npy	C39	M20	3	0.842924825145446	0.220832022578982	0.24247883543134	1.54647883245055	1.03132208755957	3.51027276742801	28.9766062490472	43.5067198041044	16.8184186199741
34	0	C38M17.npy	C38	M17	3	1.47527374296336	0.124699554264688	0.168489693281167	5.78677386402589	1.69925136654127	7.35275781777941	224.662826147474	96.9037073398901	48.8753152780557
30	0	C19M20.npy	C19	M20	3	0.673974078804673	0.25535924811828	0.236186710343921	1.12767802217557	0.833134974190214	1.91946273716849	6.16315787108888	32.5890884762279	12.2620349120067
32	0	C19M29.npy	C19	M29	3	0.280092705086179	0.134618337125632	0.184961434935263	0.272346775584943	0.266565190846809	0.341313028661226	1286.81814616521	7.17133939923344	4.80239948562097
36	0	C31M02.npy	C31	M02	4	222.758093511756	0.795442763607465	0.290518924419372	8019.48702425093	546.663959488313	603.595531913444	602061968.697371	22246.0006298731	21569.781563554
35	0	C39M22.npy	C39	M22	4	891.846728576729	0.655475348893404	0.191918551329515	10339.7818457205	1577.02427682355	3319.54477367552	483464.04114261	89160.5310803993	87169.4243982187
33	0	C51M18.npy	C51	M18	4	1.34747043031609	0.454702645491427	0.344939282162369	2.59106730101359	2.39080657435273	1.16726786830461	93.4092245930496	84.8669632290119	28.6627955944486
37	0	C05M18.npy	C05	M18	4	0.764803241582297	0.434629300720611	0.304652460018513	1.41360713521609	1.25510635732052	0.715323012892513	1677.37805229418	35.2202648436997	21.0598237854037
38	0	C39M18.npy	C39	M18	4	0.546375701123251	0.360234110799262	0.300566708744453	0.729357482669746	0.856746487468504	0.479859423176819	522.366887421292	20.8573212401306	11.4250012287575
31	0	C07M20.npy	C07	M20	4	1.15153332750564	0.271437957265091	0.225721829356499	2.03888189871836	1.41786508775746	4.79873388085919	39.3767192960912	79.5712567843132	17.8662932701928
29	0	C39M20.npy	C39	M20	4	0.818030287274419	0.22052191248503	0.234464143002291	1.54475476831754	1.0033633577532	3.51639111750342	23.5679621297585	41.5663704694365	16.5854716863923
34	0	C38M17.npy	C38	M17	4	1.4132975930514	0.128725497928679	0.181375593719559	5.74989379296163	1.6422839579079	7.4219337292318	218.604392511825	92.2382760781292	48.2024227846147
30	0	C19M20.npy	C19	M20	4	0.662186459032031	0.255569050055769	0.241971626148731	1.12094847105045	0.826474699474702	1.92258815372865	5.88505627274182	32.4908647048693	11.3756284931746
32	0	C19M29.npy	C19	M29	4	0.264958449669112	0.145312500663264	0.196070070138753	0.259906516953607	0.251448796992466	0.339955673145501	1313.91312752285	7.12362949861339	3.62348576939783
36	0	C31M02.npy	C31	M02	5	222.186502122579	0.791090700116677	0.301569596135588	7917.64080024467	540.319505115589	631.25445053668	601344467.4904	22189.6824090714	21531.9020954479
35	0	C39M22.npy	C39	M22	5	1029.79168929312	0.647845851114695	0.188359463011236	11268.7471534219	1864.4037592366	3560.84215194921	10070157.420505	102953.539832151	100926.943385675
33	0	C51M18.npy	C51	M18	5	1.32434800474662	0.464333759906855	0.349177492534984	2.43662483271059	2.32276693259502	1.16381380546064	83.0946990302277	82.4952209332134	27.5917182107172
37	0	C05M18.npy	C05	M18	5	0.773055988089492	0.442050065890615	0.30922103055188	1.38661010530754	1.26513737405002	0.70254852218104	1530.75945823155	36.8772952302029	19.6244208176729
38	0	C39M18.npy	C39	M18	5	0.560946250212563	0.366027982489628	0.307535119846301	0.764796283305347	0.883122138066477	0.498870307973589	483.58869202481	21.6584049721689	11.6248369317689
34	0	C38M17.npy	C38	M17	5	1.44912184136929	0.119232196741931	0.18287278919263	5.86707076349742	1.703731885248	7.7109928061224	222.086531375484	94.9627462715321	48.4450877355021
31	0	C07M20.npy	C07	M20	5	1.1391299297684	0.270935862667102	0.217657361856631	2.06885898131727	1.40677213504187	4.79462991730705	36.6125357100251	78.8724471967767	17.9873647156064
29	0	C39M20.npy	C39	M20	5	0.828196855329646	0.222423910857959	0.238051836449665	1.56654920779678	1.02641681345976	3.60378587730207	29.0957117092274	42.6397711615352	16.7609446723844
32	0	C19M29.npy	C19	M29	5	0.284760542782547	0.135364068918628	0.195523397046951	0.276294595493968	0.271782323728054	0.3495059436386	1295.62798928111	7.07570403761932	5.17391458775079
30	0	C19M20.npy	C19	M20	5	0.670409334764973	0.254137045464483	0.240020125149749	1.12824580681981	0.833544679356422	1.96100113564625	6.12979192305463	32.2758025819321	12.2120705778979
36	0	C31M02.npy	C31	M02	6	221.318722593457	0.791343691597516	0.296582932216236	7896.24581394844	543.912573655563	612.69103228405	599942598.390194	22102.5835043569	21455.4527342225
35	0	C39M22.npy	C39	M22	6	1035.64631749765	0.63562786866317	0.189538422217406	11397.526146653	1875.29819480771	3497.98529274767	10126035.8339556	103538.514782518	101376.656175462
33	0	C51M18.npy	C51	M18	6	1.38477741484327	0.454031054193131	0.347211316348781	2.59324000411592	2.46296260447381	1.2067412288219	89.5370093032436	86.9750390249635	28.9021777440708
37	0	C05M18.npy	C05	M18	6	0.781805156891991	0.435467837451403	0.307764067918185	1.43266221373416	1.29182520597129	0.732522385635989	1523.9985768032	36.878867350766	21.0326610392903
38	0	C39M18.npy	C39	M18	6	0.556789707601962	0.357083527346605	0.308214368741236	0.772178186269812	0.881690126618531	0.48490665446944	481.332553525055	22.2032515014115	11.1241416081639
34	0	C38M17.npy	C38	M17	6	1.45634995457465	0.124842076028591	0.176025664432375	5.84697174505867	1.70878543175548	7.52346632378621	225.043143309536	95.8694008847791	48.025434168226
29	0	C39M20.npy	C39	M20	6	0.798180569615433	0.224526238523399	0.24077075395853	1.40463273173016	0.994396129575463	3.12418266922047	28.8436362163983	43.5955581238044	13.5933768633235
31	0	C07M20.npy	C07	M20	6	1.18162693690157	0.272553647950281	0.22404267499581	2.08541972355168	1.45276993547102	4.88284319184204	37.8256423774317	81.7044362009522	18.4497444641932
32	0	C19M29.npy	C19	M29	6	0.282177084163132	0.135037092462687	0.191586403680714	0.275575098016553	0.267953304992261	0.315991569950025	1303.55635652986	7.12027370761401	4.97057951942967
30	0	C19M20.npy	C19	M20	6	0.673380467320435	0.255516963358614	0.240061242365992	1.1274844986167	0.839811025042791	1.92794886781824	6.16771315831783	32.5912883680354	12.1285359921162
36	0	C31M02.npy	C31	M02	7	219.97625013338	0.789225187985865	0.302988441263003	8000.88924610546	535.555916185086	595.886824887755	600314851.469175	21967.8054634256	21300.9520456344
35	0	C39M22.npy	C39	M22	7	980.060256710526	0.647819987973981	0.175758461300337	11243.7264165065	1772.39501917015	3393.72227656087	10186168.4560178	97980.9582722963	95981.46149993
33	0	C51M18.npy	C51	M18	7	1.31775476962671	0.456132738042005	0.320746922861611	2.4616491887321	2.30857648033585	1.09003842859526	91.1964491662172	83.4309361042925	28.7103495797036
37	0	C05M18.npy	C05	M18	7	0.775437849232579	0.428149558407103	0.286928442378576	1.37810235662178	1.25763390168053	0.717917758018943	1613.96136763902	36.1900116570597	21.0809549097349
34	0	C38M17.npy	C38	M17	7	1.24436036321363	0.137311725550396	0.152708243604088	5.14385729132367	1.47442317584911	6.3922617447849	136.542617185452	77.9919897752836	40.8876684585589
38	0	C39M18.npy	C39	M18	7	0.548819571759421	0.348628726428731	0.276209064013819	0.699616925742246	0.850624511778813	0.460956277686909	507.617061190706	21.1999932225566	11.1412375651762
29	0	C39M20.npy	C39	M20	7	0.796795399948355	0.210139575136159	0.210603750426595	1.43252577166194	0.97751250648775	3.33983010415882	28.4790881583608	40.9504450364778	15.5381482510243
31	0	C07M20.npy	C07	M20	7	1.13598795897021	0.267504886256206	0.19663061381463	1.98555612877504	1.37461400293111	4.33334671778258	32.3347368834596	77.0867957698091	16.4069973007893
30	0	C19M20.npy	C19	M20	7	0.671479551873112	0.249870758881223	0.219033467472494	1.10669555045939	0.821313895740745	1.91313684539288	5.91748766820327	32.1171231271067	11.8961976034209
32	0	C19M29.npy	C19	M29	7	0.286391811089443	0.123968466897009	0.164410710999722	0.274091647826957	0.269146991714826	0.342152786938129	1274.97584935195	7.16630369264906	5.15713497415259
36	0	C31M02.npy	C31	M02	8	219.164367714768	0.789436362593941	0.287732956141431	7944.4750141539	528.632212775201	600.988885680552	594433723.242479	21885.8319634195	21200.4617498289
35	0	C39M22.npy	C39	M22	8	1054.40312392295	0.640878875781754	0.188626497169653	11736.4134488909	1873.12367679309	3528.47661438571	10031840.1433828	105407.935586267	103324.917456647
37	0	C05M18.npy	C05	M18	8	0.806262265057578	0.436966664998051	0.30501779838138	1.42256589874414	1.30366427789372	0.741787567399544	1495.25300168053	37.741777369494	21.0089805797476
33	0	C51M18.npy	C51	M18	8	1.38915463153575	0.449830010276578	0.341917511858279	2.56383641092801	2.42146480084214	1.18752752540944	87.1801076819569	86.8994723329608	28.9811132684482
34	0	C38M17.npy	C38	M17	8	1.51014901362447	0.128005881264996	0.190861806782389	6.09218464270518	1.7167885077786	7.578698894295	227.910672947457	99.0699002888786	49.4068795887916
38	0	C39M18.npy	C39	M18	8	0.572487753607996	0.355761101896079	0.295963191408306	0.775218953346161	0.889646938357061	0.493949384991602	472.355440474372	22.207424030095	11.5638221697497
31	0	C07M20.npy	C07	M20	8	1.15231621751377	0.266574127131479	0.210371658304657	2.04560250043224	1.39316882340376	4.58146731644023	32.266361064558	77.7451847310899	17.0943350535725
29	0	C39M20.npy	C39	M20	8	0.845241581802128	0.217575678978109	0.22558147774054	1.55236423171803	1.03170128447487	3.4751493534105	28.5700393573676	43.3854186326951	16.7975576248368
30	0	C19M20.npy	C19	M20	8	0.671621980547974	0.256984066458526	0.251492216268737	1.12444623381761	0.831671405523039	1.91069025793388	6.03348791181921	32.170808088984	12.1547146107472
32	0	C19M29.npy	C19	M29	8	0.276153824038245	0.13831127715666	0.195643411596934	0.270536655401576	0.264015456032704	0.340792980637436	1254.49747688987	7.12595430180702	4.65690422655993
36	0	C31M02.npy	C31	M02	9	217.140166475097	0.797312494919269	0.27967727109386	8219.41304397787	535.29247947121	593.549016880167	637971650.978802	21682.427930286	21038.4508351338
35	0	C39M22.npy	C39	M22	9	976.165725786763	0.646530277126915	0.173421581413531	11075.1759281754	1758.22412058061	3254.66313249943	10400073.5521754	97593.0222757412	95755.1508323548
33	0	C51M18.npy	C51	M18	9	1.24775362491463	0.444817629779169	0.329425569114272	2.38078046760887	2.2027663562247	1.1100914672589	85.4082168906916	78.8416550680422	26.0824607378931
37	0	C05M18.npy	C05	M18	9	0.76649536672691	0.425738788459534	0.287298131280315	1.38551827688041	1.25004078518642	0.725728609455161	1588.48679264078	36.3894308423218	19.5712707704457
34	0	C38M17.npy	C38	M17	9	1.43082474518912	0.127804807687419	0.15893555138782	5.88805898077381	1.65963838259911	7.41657595580439	219.180580265658	93.0664125514033	48.6243141232544
38	0	C39M18.npy	C39	M18	9	0.53282388052759	0.357468877215842	0.297539593331256	0.715060664031199	0.839464014198511	0.470831097195878	474.59192742458	20.9925642043058	10.1204267421192
31	0	C07M20.npy	C07	M20	9	1.1475458504752	0.26521748070184	0.212479228764666	1.96344141412764	1.39196834989129	4.78111679517389	35.43552165383	78.2922197987536	16.935740325872
29	0	C39M20.npy	C39	M20	9	0.808118119828818	0.216921358288276	0.236192054335638	1.4535517485811	0.98921656068692	3.35921035063755	27.0418396022121	42.4057021612259	15.4499984084523
30	0	C19M20.npy	C19	M20	9	0.681736025342006	0.252727515828774	0.235203200125245	1.1340614657521	0.84438185209388	1.92864311277833	6.18972254441949	33.023797803711	11.9037542110097
32	0	C19M29.npy	C19	M29	9	0.275480737263977	0.129248626224005	0.17363304506752	0.276078520639747	0.268513428239432	0.270208161040956	409.360627312529	6.28962565287136	4.99906440884119
40	0	C12M02.npy	C12	M02	0	469.675774789841	0.723942554257251	0.391837623353939	8214.21319326383	587.588397834318	3311.00539230439	1886652.5854865	46951.976468094	45912.3399508666
41	0	C38M18.npy	C38	M18	0	2.49996824756185	0.332354608919667	0.366060728506088	6.30823787485728	4.41013123097845	4.57924122706767	214.066013713351	146.824745770524	82.6960644486897
39	0	C51M17.npy	C51	M17	0	1.68052400233758	0.130499347534149	0.130861863469198	4.08798070841186	1.49192049465485	4.52812441428603	165.589923507531	81.4215070847607	42.2541564984157
47	0	C40M20.npy	C40	M20	0	6.47935113030807	0.395477812465028	0.355783283567128	22.8002714910502	8.48585183145097	51.5242345925677	14226.2228789234	591.865929233895	261.322914868983
46	0	C05M20.npy	C05	M20	0	2.45526539834814	0.13916015182853	0.259311362147085	27.1519092412576	1.72628463730715	11.2619472717208	122511.710142922	184.652573158318	78.2354143830863
48	0	C40M17.npy	C40	M17	0	0.621675525020083	0.22111662776217	0.257708463461871	2.07511997306914	0.707483337937755	1.12486897414637	494.579994033297	33.4436321822291	14.6956049190261
43	0	C06M18.npy	C06	M18	0	0.918901767922548	0.519174210488221	0.272311936416475	1.47234432698421	1.60413727011834	0.899999782698571	19.3340481003956	30.1502941394412	45.0638760762455
44	0	C05M17.npy	C05	M17	0	1.20432632914527	0.289777107894519	0.22937408403735	6.12409189732868	1.62472403536592	5.10482183272648	5484.95369758477	76.480268809789	54.0371146788835
42	0	C40M29.npy	C40	M29	0	0.272672132824277	0.163990581251047	0.230643069940535	0.268866491630387	0.254754506753648	0.548980276610083	2450.3757378107	8.67980086606659	4.79932136997823
45	0	C31M29.npy	C31	M29	0	0.367614955347948	0.16892727175034	0.244996527714768	0.335029197084376	0.315286696214701	0.599038641323396	5119.19899402244	15.1534724749284	5.2506042086035
40	0	C12M02.npy	C12	M02	1	466.116758462485	0.42027575070099	0.376582909232081	8835.02613199955	637.077117107999	3346.41145084426	127277820.871335	46595.0527648803	45501.0212520272
41	0	C38M18.npy	C38	M18	1	2.49447508442714	0.337705511204485	0.389777767363581	6.2964773568773	4.47567367624285	4.55090906442699	221.009893769502	147.265154611601	85.6263058754442
47	0	C40M20.npy	C40	M20	1	6.49096478399647	0.407552917717372	0.378838441996903	23.3869089136087	8.58291464329646	54.913358160437	15908.5688958718	592.889309435601	271.81017752769
43	0	C06M18.npy	C06	M18	1	1.03664766595179	0.517557432343029	0.259745221424934	1.62790488647407	1.83027188186729	0.941702028073753	22.023233440162	32.3585043989528	56.3998342694789
39	0	C51M17.npy	C51	M17	1	1.72904003907903	0.128352587417054	0.150409638835811	4.36571756859583	1.58188039699495	4.87724089719919	178.835487695086	87.4763152007039	43.6973050397258
46	0	C05M20.npy	C05	M20	1	0.92380507608183	0.221327471510687	0.247618757404403	2.06694470286295	1.21593331657004	4.98924298565068	9.74165025025646	25.9922853086504	41.9007209866593
48	0	C40M17.npy	C40	M17	1	0.60996294231011	0.227147152612133	0.290203549402586	2.0934169364277	0.672910611442271	1.15513406804616	457.314070433407	32.1706516321605	14.7756500970545
44	0	C05M17.npy	C05	M17	1	1.12306417546294	0.289387709433254	0.222990410091078	4.9299587461243	1.4013103380337	5.28476014501603	156.325762056787	66.0243172241103	47.041662362188
45	0	C31M29.npy	C31	M29	1	0.403531527816104	0.16245869975059	0.257273017431787	0.315486546763977	0.288931424306822	0.604368787029847	36699.2800313718	20.9112206473066	4.89307038756716
42	0	C40M29.npy	C40	M29	1	0.274291008115702	0.165069285192143	0.245985043984321	0.256829385161658	0.249043844758918	0.547404844573275	7475.16892446676	9.23084284213695	4.75956138140707
40	0	C12M02.npy	C12	M02	2	519.904056963583	0.427085322987186	0.382840630358675	9785.62655928097	700.747420710559	3404.92301896617	118850918.46189	51973.1569085738	50913.558829124
41	0	C38M18.npy	C38	M18	2	2.37488741163811	0.351269600614272	0.386290295742823	5.97060470671161	4.2172964932211	3.75600384330688	208.311808793439	144.534838923104	74.5876787510717
47	0	C40M20.npy	C40	M20	2	6.84490593387809	0.398843985443173	0.366481769494573	23.0178782005801	8.95921704402728	55.5207632390501	13843.1759340943	624.095803441992	278.905223032595
43	0	C06M18.npy	C06	M18	2	1.07994602856846	0.520063927216047	0.267338995605685	1.62530155074877	1.90187063584103	0.909301840184764	22.2032330607503	33.7356859860112	58.621881675798
39	0	C51M17.npy	C51	M17	2	1.79903718482038	0.137570350025587	0.14945456453113	4.36726153491329	1.65063392179723	4.88257861932491	176.331577032961	90.3904632873335	45.1526127054213
46	0	C05M20.npy	C05	M20	2	2.49275306034714	0.137231218823431	0.252061233799307	26.5646751379806	1.77923825828317	11.6746869016968	118425.438546838	184.955097750785	81.7343187382467
48	0	C40M17.npy	C40	M17	2	0.639712165223237	0.227182337115891	0.283666707031884	2.07911525846719	0.728448537125764	1.18514323039507	487.473680222308	34.2494874245508	14.8785876703314
44	0	C05M17.npy	C05	M17	2	1.23454414988001	0.287143046501441	0.22454522178039	6.20468567144375	1.66779967698157	5.16189650093814	5398.41523060938	77.0844297889207	56.2879569292548
45	0	C31M29.npy	C31	M29	2	0.420561038039974	0.160212974976372	0.248958273844683	0.335610945730958	0.307918216620001	0.603127343276769	35222.5629303113	21.3752340993753	5.36168806256892
42	0	C40M29.npy	C40	M29	2	0.27933622594271	0.166798390309506	0.24554263294899	0.269300389744918	0.253522096062369	0.546013826074823	7168.46186963467	9.27154274478767	4.69868052335037
40	0	C12M02.npy	C12	M02	3	543.384218975842	0.435753689502518	0.386835637894972	9785.00301361702	718.019180527815	3414.32854247247	114792276.910466	54320.2570466392	52999.385812471
41	0	C38M18.npy	C38	M18	3	2.60734200153725	0.344090329658358	0.389973078744609	6.1353534729263	4.54841778066018	4.55549354768519	211.745427562185	151.329628891023	88.1048450150141
47	0	C40M20.npy	C40	M20	3	6.77632057515483	0.409185520413295	0.374757145444679	22.5995237384483	8.70673636442716	53.72341194179	13638.0649973508	614.854278476817	272.599189549678
43	0	C06M18.npy	C06	M18	3	1.14634776689541	0.525995700163916	0.27047722581489	1.70213184264255	1.98065303836449	0.979167729105316	22.552033836175	34.1074732931771	62.7595621857767
46	0	C05M20.npy	C05	M20	3	2.52922259833174	0.138677307191656	0.251600267225007	26.0023871370919	1.79929486177466	11.7914384844173	117992.119822294	185.246534092658	84.3296525239902
39	0	C51M17.npy	C51	M17	3	1.70488732942692	0.134574485624436	0.158992649353177	4.2536104321492	1.56620696447974	4.58802675605314	171.291473055014	83.0860104934066	43.3630327192597
48	0	C40M17.npy	C40	M17	3	0.624568802210796	0.226367310200773	0.278471241665306	2.01365484034345	0.707554872182162	1.11194213802022	491.398185481381	33.0864728509916	14.4830428919261
44	0	C05M17.npy	C05	M17	3	1.19793569675139	0.282045917146883	0.217194371692355	6.01700041098097	1.60439754689202	4.71086185612913	5459.26062512682	76.2061231675883	52.0858704211776
45	0	C31M29.npy	C31	M29	3	0.42310490581563	0.16278559701891	0.250901948579873	0.33593867919056	0.310056975152271	0.596071589400429	35447.6761561719	21.3577167047959	5.4455880729371
42	0	C40M29.npy	C40	M29	3	0.283505605541546	0.165320741415897	0.238756072986218	0.268547023272116	0.258637772839623	0.537630239435523	7220.41048216803	9.33757596853789	4.91739163877999
40	0	C12M02.npy	C12	M02	4	525.869278422497	0.424816560862698	0.383978795604465	9937.86551720091	704.274340606016	3416.22537966299	117583336.41395	52550.8636153803	51323.0452369487
41	0	C38M18.npy	C38	M18	4	2.44914868436898	0.342220402592382	0.39362296132611	6.11122774587422	4.35543139214318	4.64959115360788	216.286841220769	139.605035645348	87.2487391696368
47	0	C40M20.npy	C40	M20	4	5.44742251800853	0.423960877398758	0.372443080555523	9.61862501398447	6.82958403321868	49.4597206987122	1737.44497650013	488.37579029998	209.534185367342
43	0	C06M18.npy	C06	M18	4	1.10476219381078	0.521068656383262	0.265225596378232	1.70312641909103	1.95546501019063	0.971688930379198	22.743343634583	33.872664935286	61.2085974267141
46	0	C05M20.npy	C05	M20	4	2.5082830345325	0.136349839507299	0.251885670149717	26.8689691010973	1.79078349366344	11.991596760522	132277.380482362	185.140441158369	83.408292720304
39	0	C51M17.npy	C51	M17	4	1.76084420844646	0.136974771178754	0.149616498066516	4.44626570570799	1.62565729900014	4.91344593000078	181.397738116676	87.4457674079719	45.4813566641146
48	0	C40M17.npy	C40	M17	4	0.489887360800667	0.237975154860028	0.294784001428378	1.06706981623134	0.548908884280605	1.10013422068858	74.0111096829508	20.9443289075045	7.511076441398
44	0	C05M17.npy	C05	M17	4	1.194450712952	0.28477750788401	0.220068707349815	6.06729666049514	1.61913227908903	5.116705069443	5661.25805061249	72.9705042343191	55.2484581099401
42	0	C40M29.npy	C40	M29	4	0.274750890272378	0.162320798871927	0.239387402576734	0.25986898763457	0.248194319749362	0.546670345887552	7371.95633707922	9.10569453910559	4.79050137344185
45	0	C31M29.npy	C31	M29	4	0.416079305609989	0.160183801566458	0.251980002961747	0.326029117597586	0.302708281538245	0.607247753476644	36193.062997259	20.9136866556116	5.50452528034436
40	0	C12M02.npy	C12	M02	5	527.140888225139	0.427837951942207	0.388018505133149	9890.52000326134	711.640289018833	3584.39251013517	117454119.461037	52696.7971313999	51475.4325253896
41	0	C38M18.npy	C38	M18	5	2.52155115298529	0.34464955512508	0.397183455097604	6.18636238609184	4.47426916690312	4.64021114929169	209.472425421488	147.355549710824	84.6986435192791
47	0	C40M20.npy	C40	M20	5	6.6601570977134	0.400062309326169	0.371774092131843	23.053447018791	8.72583185758033	56.6208512248028	14053.5645704165	609.255766386214	272.554679640821
43	0	C06M18.npy	C06	M18	5	1.10568300335313	0.52622997951797	0.268360207091618	1.65643226589837	1.9427799473376	0.893246723273897	21.9253203032063	33.448921306168	60.5812711027507
46	0	C05M20.npy	C05	M20	5	2.50965857865819	0.136257484359025	0.247703835108326	26.6132925695034	1.80163830120217	12.3275065053884	120429.674544514	185.240146198368	83.2827331974576
39	0	C51M17.npy	C51	M17	5	1.68290883132722	0.136313483880812	0.152097165212504	3.98447414113759	1.55083958447733	4.61085800772165	165.24357513384	85.0414699650293	37.0882921318757
48	0	C40M17.npy	C40	M17	5	0.611171007036661	0.239812376611426	0.287687193005499	2.02097076813144	0.702290668721773	1.10992293853012	495.713535207467	33.6398297177044	14.9418210690746
44	0	C05M17.npy	C05	M17	5	1.20455526090395	0.284224372757144	0.219811662660027	6.06890859486733	1.63361274591478	4.79465950934646	5493.58174601661	74.5816545959719	55.6025158596265
45	0	C31M29.npy	C31	M29	5	0.420688692731676	0.160822421275689	0.256745470976887	0.33526689841933	0.311486389422975	0.613673115244752	35710.7635382496	21.2162359113248	5.39873302418473
42	0	C40M29.npy	C40	M29	5	0.271092298150407	0.16983323799324	0.2440230319681	0.264053405841461	0.251136224313002	0.545674304453633	7272.47427638163	9.28936971011863	4.52635001327623
40	0	C12M02.npy	C12	M02	6	531.302990651558	0.420832594848434	0.383331641166677	9813.96511897015	722.252941331727	3511.08458818442	117167995.933916	53113.1860973394	51848.7055657474
41	0	C38M18.npy	C38	M18	6	2.58661557202418	0.338409279364013	0.391792202642891	6.38020829693124	4.60136334698602	4.74709377412762	213.216489126269	149.300608867126	88.9437903574652
47	0	C40M20.npy	C40	M20	6	6.62321186009314	0.404631161117065	0.375093805307726	22.8896864668935	8.6925719788344	54.588442946534	13902.4523447519	604.145852102266	271.715683494708
43	0	C06M18.npy	C06	M18	6	1.12858449904607	0.527050403088913	0.272095596447663	1.72781618246693	1.99780077462538	0.99556818330063	22.4519818587071	33.7998565327328	62.3393589659287
46	0	C05M20.npy	C05	M20	6	2.5055010416114	0.137491153793674	0.244985624880177	26.6005757592169	1.79570329424539	11.8147410076912	119677.38761772	184.715066277037	83.2035272943548
39	0	C51M17.npy	C51	M17	6	1.80134221665748	0.130094658357164	0.149870600931657	4.44986548050525	1.64260580247125	4.90459872348063	177.234029008735	90.217846589659	44.8865792982626
48	0	C40M17.npy	C40	M17	6	0.614832120584062	0.224530587729923	0.288604885222939	2.02016610163318	0.705346495309653	1.13120394010423	493.254673864489	33.3725868757455	14.4112513300324
44	0	C05M17.npy	C05	M17	6	1.19561438937027	0.282557696811201	0.216313732838214	6.05332780914731	1.60171571769542	4.93422093297915	5462.61089882018	73.4559999281048	55.9943778083378
45	0	C31M29.npy	C31	M29	6	0.417657568621742	0.158205789626539	0.250534810655357	0.330426047470128	0.308300649381818	0.60128740273593	35920.6488720898	20.9411760313159	5.46409637967788
42	0	C40M29.npy	C40	M29	6	0.267882607774221	0.15947753680469	0.242302289720766	0.260940006051066	0.244832770584086	0.495323939768171	7316.33054951218	9.23202697884356	4.35760405823647
40	0	C12M02.npy	C12	M02	7	524.107331231044	0.430070246808922	0.378007644827147	10035.1390834725	704.277572327378	3552.24518776719	117226975.483765	52393.61891851	51207.4714640874
41	0	C38M18.npy	C38	M18	7	2.2469826050862	0.325616622312474	0.369982764149741	4.29511163315531	3.90309818891378	3.93877388310779	122.427225309387	125.201098364241	74.8912346964455
47	0	C40M20.npy	C40	M20	7	6.64225429821756	0.404212196944806	0.353225105279594	23.0141097616472	8.57558558691918	55.4612587939521	14193.9604931153	606.063885767269	277.099427338645
43	0	C06M18.npy	C06	M18	7	1.04536844991418	0.522518944584945	0.260384209099459	1.46954742436971	1.81372974808823	0.933124627551607	19.6068418726015	32.6809315700154	55.9529720326251
46	0	C05M20.npy	C05	M20	7	2.51857654141136	0.135225796556172	0.236284365957581	26.914067592817	1.79115760467508	12.1275861095206	121821.467769258	184.508056016697	84.3457230706687
39	0	C51M17.npy	C51	M17	7	1.66405007522924	0.145380057192521	0.142735838131488	4.27635267290924	1.493797674997	4.04465593935478	172.704918213489	87.338848255852	36.7806354987168
48	0	C40M17.npy	C40	M17	7	0.63311802768957	0.221384400883259	0.261232409930155	2.07850634630998	0.714914239075195	1.17449987756687	510.095969132606	33.5177030198731	14.8503236364345
44	0	C05M17.npy	C05	M17	7	1.16263708624107	0.289591312308022	0.198148281932299	5.98952608232246	1.56714222577692	5.03086334878401	5638.39661241494	71.6170450162324	53.9302653105668
45	0	C31M29.npy	C31	M29	7	0.426188736827347	0.156542654822891	0.233687447295282	0.337337088325143	0.311444941997983	0.611446391775037	35118.6156002677	21.166000672694	5.47525549901075
42	0	C40M29.npy	C40	M29	7	0.284892866705551	0.159264804861665	0.222197806169085	0.267160895490101	0.257889596985244	0.551764317023547	7153.32677222618	9.46574615284018	4.86221772517963
40	0	C12M02.npy	C12	M02	8	525.232709277456	0.439171001127785	0.380449672463508	9828.95722817373	696.962670251245	3426.44760865445	116108249.722164	52505.4401616911	51228.2161220826
41	0	C38M18.npy	C38	M18	8	2.62263826737456	0.336192973495521	0.376908511876103	6.03990973974919	4.57365794120948	4.6618874888462	204.696310579572	150.124939727045	88.0111274208471
47	0	C40M20.npy	C40	M20	8	6.6520100254421	0.401091348920818	0.366589963198205	22.6138626544472	8.60667365719991	51.1489583680851	13411.6893372122	601.44095405357	260.595880613862
43	0	C06M18.npy	C06	M18	8	1.14003481275272	0.525822441808658	0.275170452213212	1.71981985106994	1.98151358641034	0.976666618509628	22.0377999034157	34.0385090756633	62.5918198303098
46	0	C05M20.npy	C05	M20	8	2.51055999617893	0.136388338593331	0.237485628170712	26.7888572599928	1.78317460663659	11.5468287447523	118462.391289146	184.684717689371	81.1789216043899
40	0	C12M02.npy	C12	M02	9	486.484554301125	0.418372627441833	0.377397245503534	9627.65347780121	652.957530905422	3127.46578077898	124461037.34776	48633.1937997417	47504.8310505584
39	0	C51M17.npy	C51	M17	8	1.65985259277063	0.144914192801519	0.165832285779867	4.33758636871754	1.5192483558271	4.6617999156798	175.892510822146	88.1003783089013	44.2207362324725
48	0	C40M17.npy	C40	M17	8	0.639171941986235	0.229726323245412	0.285732229140278	2.07887449909298	0.71569477053465	1.15003336275196	487.221736481799	33.72117004988	14.7306359016056
44	0	C05M17.npy	C05	M17	8	1.27232267427092	0.285846632915846	0.210168893362324	6.47360232927162	1.68060920004296	5.19474430561859	5406.3686508052	78.7823235093403	57.7410456856328
45	0	C31M29.npy	C31	M29	8	0.427497224264108	0.155445236875373	0.246517765603875	0.342568011451583	0.315832548133919	0.597824891880431	34554.5572979055	21.2387639639754	5.43621530922993
42	0	C40M29.npy	C40	M29	8	0.282220853913032	0.170511147024137	0.254669767051861	0.272246648304093	0.256335616865852	0.534006639811451	7038.44592311658	9.54083320855458	4.68971884432297
41	0	C38M18.npy	C38	M18	9	2.44278846402163	0.332317369955363	0.383973927814791	6.14157362152714	4.33109468120053	4.20638446135694	200.923802357795	143.10182579073	82.5480347286739
47	0	C40M20.npy	C40	M20	9	6.28468516902746	0.401135370389119	0.356640623307217	22.8481393773833	8.22024629737238	50.7847079014296	14196.0027781965	572.984226951913	260.305226935924
43	0	C06M18.npy	C06	M18	9	1.02887730140626	0.520066811585249	0.254626556309582	1.54468022802596	1.80253755959432	0.929390731776694	20.8953676554352	31.9088796425931	54.8005272589623
46	0	C05M20.npy	C05	M20	9	2.43391774385462	0.14265946204437	0.233884985488615	27.5690689697421	1.68048077055574	11.7628703522056	123688.407380918	184.565454459354	75.501134586425
39	0	C51M17.npy	C51	M17	9	1.70517143889862	0.129691127274937	0.144018048728801	4.39242355054027	1.54050417265399	4.7430203593898	85.350721057321	85.2207654379107	42.8486399879357
48	0	C40M17.npy	C40	M17	9	0.614698513142805	0.215830739916603	0.266472023257669	2.08342327104064	0.698156755934617	1.09359592152234	486.278242903902	32.347138837127	14.3933326972021
44	0	C05M17.npy	C05	M17	9	1.19383383186641	0.278218820106094	0.207306112259663	6.20875408525301	1.58920000712947	4.96043796646929	5535.57162112767	72.1525503917873	54.7981882538657
45	0	C31M29.npy	C31	M29	9	0.375530992662919	0.163793546841165	0.236761112143799	0.337138580372047	0.31038018782402	0.292277180370586	31714.5702664523	16.4248321729952	3.04005658806722
42	0	C40M29.npy	C40	M29	9	0.249947025294443	0.1630277490173	0.22548426356329	0.264153382258917	0.247894706153019	0.302679069451291	5021.0260546959	6.88540604567557	3.40435546720954
50	0	C39M16.npy	C39	M16	0	181.898616158705	0.381648478124449	0.223333030712206	1107.34136136475	252.888022751687	944.806921910987	273843.837057422	18155.6922245224	11049.6355640878
49	0	C39M17.npy	C39	M17	0	0.30481975237013	0.107554998943354	0.213982347985069	0.503965055221597	0.312929074415581	0.558348045115872	43.1270433177752	8.59571814567587	4.45762526548733
50	0	C39M16.npy	C39	M16	1	180.679316722548	0.372044138095945	0.228693640189533	1244.70158917845	256.935432870005	1092.20072970853	415740.205704739	18033.3602743292	10642.6663798878
49	0	C39M17.npy	C39	M17	1	0.307680417012746	0.124233763572538	0.241070334261206	0.539466501888028	0.319763017435142	0.712385454895988	44.9210581603248	8.54063255931363	5.1986990266196
50	0	C39M16.npy	C39	M16	2	196.499741840399	0.379777424511232	0.223900625426597	1305.77827812376	271.352277740379	1089.89302789583	413776.492663005	19612.7440961905	11548.1647201578
49	0	C39M17.npy	C39	M17	2	0.316162904441212	0.122194651168649	0.232908228798192	0.532019957070794	0.325510309353697	0.683396207446677	43.4367923518102	8.95026370720226	5.02775908164564
50	0	C39M16.npy	C39	M16	3	197.013557715805	0.383255095097205	0.227985369410704	1297.02888025216	269.335164894132	1119.44846181369	405351.084586415	19662.2657965366	11694.4288175039
49	0	C39M17.npy	C39	M17	3	0.316396580668928	0.122007834832667	0.238384344551645	0.532061134793161	0.324017187080965	0.688858145712458	43.5946581753469	8.96464255830693	5.15321688918756
50	0	C39M16.npy	C39	M16	4	183.529625890623	0.384867572925923	0.229202336475169	1259.79460803221	243.694487701242	1134.49921385058	339544.079852862	18317.1620281473	10746.0235503134
49	0	C39M17.npy	C39	M17	4	0.312049971418032	0.118986523421904	0.238384159022063	0.532277992094615	0.320380367824407	0.716109063214697	44.0316252712931	8.8139786516628	5.20728333407936
50	0	C39M16.npy	C39	M16	5	190.922613643018	0.389869374371046	0.229585617169558	1293.08174888126	268.172202976592	1123.13924102234	420142.689394708	19056.3005283824	11677.8966727643
49	0	C39M17.npy	C39	M17	5	0.318713905782951	0.121871794828636	0.238933936070704	0.547673521951468	0.329469490268261	0.736724997864693	44.2412814878349	8.92944848539168	5.30333804482481
50	0	C39M16.npy	C39	M16	6	191.824842570379	0.37877603676834	0.236372170030096	1297.44167478836	263.424640927118	1071.84262496074	405657.880952642	19145.268689993	11244.0312824822
49	0	C39M17.npy	C39	M17	6	0.306748095625581	0.12359122538066	0.238042363635207	0.496464090083575	0.316285575272332	0.688986644125531	43.5015627954826	8.78823922677225	4.71000325171057
50	0	C39M16.npy	C39	M16	7	184.474947874354	0.380953426782738	0.206225139620497	1279.62909648359	256.859993002192	1091.95790292659	388838.204226273	18412.0009425431	11211.4527606941
49	0	C39M17.npy	C39	M17	7	0.307437327573163	0.114024986715206	0.219659929708336	0.521180838376222	0.314674153137639	0.690714391970854	44.9481606153885	8.41598302561098	5.0588387773265
50	0	C39M16.npy	C39	M16	8	196.875617378549	0.379836726320575	0.223820335716206	1305.42931538616	268.796400349847	1082.67787420486	419389.372607101	19649.2450008176	11770.9920934987
49	0	C39M17.npy	C39	M17	8	0.321936508258161	0.116364540847653	0.22900149406028	0.543515391605473	0.328394177027168	0.704877032979704	43.4959722636835	9.01171886124105	5.26057633360928
50	0	C39M16.npy	C39	M16	9	189.849454397207	0.385911516848792	0.229005629308017	1215.8963431869	259.48698821315	1090.79991755438	409784.091115972	18949.2948982196	11391.9517915609
49	0	C39M17.npy	C39	M17	9	0.308787933123064	0.118114998289417	0.229465575244069	0.495720890110663	0.316306694666349	0.686758997451576	5.62329231084539	8.54860930143062	4.63944893975643
